userName,score,at,content
Muhammad Rosada,1,2024-06-17 03:50:48,Aplikasi bagus mudah di fahami tapi tolong supportkan ke android 12
Muhammad Farhan,1,2024-06-17 03:45:59,gk bisa akses file
Rizki Almubarok,2,2024-06-17 03:41:19,Knpa lah ini mau buka data aja akses di tolak Mulu saran dong knpa ni
Dimas Ae,5,2024-06-17 03:33:49,Kerja bagus
Kenzy Jovanda,2,2024-06-17 03:29:45,Jelek
Royyan Kaif,1,2024-06-17 03:26:28,asu gua mau pake sricpt GK bisa anj
Irman Irman,2,2024-06-17 02:57:12,Apk ini bagus
cincau cau,5,2024-06-17 02:00:32,alus anjayy tapi minimal ada geme HD nya lah maaf agref apk yah
Usman Aja,1,2024-06-16 23:48:32,ngeleg
Muhamad Ikbal,1,2024-06-16 22:20:09,Tolong kembalikan seperti dulu
Alfarizi Ramadan,1,2024-06-16 20:24:20,Zarchiver tololl
Asep Setiawan,1,2024-06-16 20:00:37,"Zarchiver gak tau mengapa sekarang aplikasi menjadi tidak jelas,,saya sudah mencoba semua tutorial dari YouTube sama aja tetap tidak bisa ,.tolong developer segera di perbaiki biar aplikasi ini kayak kemarin2..ğŸ™ğŸ™"
Tri Meiyanti,1,2024-06-16 18:04:28,Gak bisa di pake ke hp redmi a3 mau pasang rege aja susah
Qwerty Wartono,1,2024-06-16 17:58:45,Jelek mindahin filenya lama banget
Tioz Tea,1,2024-06-16 17:29:16,Gbisa akses obb dan dtaa
Rafi Dwi hariyanto,5,2024-06-16 16:11:40,Sangat seru
Rohadi Lengkong,5,2024-06-16 14:55:02,Bagus sangat membantu
Zaidin Dedek,1,2024-06-16 14:28:30,Tidak bisa di izin kan anying memang
Riki Purwandani,5,2024-06-16 14:07:58,Bagus sekali ğŸ˜ƒğŸ¤­ğŸ¤«ğŸ¤«ğŸ¤«ğŸ¤«ğŸ¤«ğŸ¤«ğŸ¤«ğŸ¤«ğŸ¤«ğŸ¤«ğŸ¤«
Zanuri Zayn,5,2024-06-16 14:04:58,Apk yg wajib ada di hp gua
Rasyd Fahri Alfattah,1,2024-06-16 13:37:06,ANDROID 13 TIDAK BERJALAN LANCAR BINTANG 1 KECEWA BERAT
Triadi A,4,2024-06-16 13:12:39,Sangat baruna bagi saya
Diego Hernandez,3,2024-06-16 11:06:24,Ini sebenar nya zarchiver udah ada file data/OBB nya. Tapi masih ada masalah tidak bisa pindahin fordel atau file tiba tiba muncul operasi selesai dengan kesalahan Dan juga saat buat fordel/file tidak jadi tolong perbaiki lagi. Kalo gak perbaiki nanti aku laporin ke pemilik play store
Rohit Ja,5,2024-06-16 11:02:26,Bagun baget
Vaan,5,2024-06-16 10:29:10,Semuanya bisa diem gak sihh
JustChris 88,1,2024-06-16 10:18:59,Apk Ini Dulunya Bagus Tapi Sekarang Malah Kek Sampah
Muhsin Fauzi,5,2024-06-16 09:55:10,Bagus banget aplikasi ini aku kasih bintang 5 Karna sebagus ini
eka Prasetyo Fadli,1,2024-06-16 09:49:45,"Bug masa pas buka file aplikasi folder nya gada + eror + bug ,buka folder android aja di persulit"
Zidane Alfatih,2,2024-06-16 09:36:35,Sering ngebuk
Reihan Gg456,1,2024-06-16 09:36:30,Android 11 nggabisa buka folder data bggggğŸ™
Putri Safaatun,1,2024-06-16 09:06:34,bingung cara pakai nya
Vhalo Therapy pijat,5,2024-06-16 08:47:45,Yg tadi nya saya tidak bisa salin file sekarang bisa
bayu,5,2024-06-16 08:24:24,next update support android 11
Gutds Grigio,2,2024-06-16 08:17:43,GK ad pilihan Minecraft ny Jing di pilihanlihat
Mohamad Bagas,1,2024-06-16 08:13:56,Knp di android 14 di tolak
Suryanita Nita,4,2024-06-16 08:08:28,Kasalahan
Riski M,2,2024-06-16 08:07:23,Developer yang terhormat saya sangat tidak suka dengan suport Shizuku dan z archiver yang sekarang Karena saya tidak bisa menggunakan polder data dan obb selalu di akses di tolak ukur mohon di kembalikan z archiver yang seperti dulu semoga bisa di perbaiki lagi
AKU ADALAH HACKER,4,2024-06-16 07:32:20,ğŸ‘ğŸ‘ğŸ‘
muhammad khazinrifqi,1,2024-06-16 07:12:47,Klo bisa bintang 0 sih saya kasi bintang 0 soalnya udah ga bisa buat setting game lagiğŸ˜”ğŸ˜”
Juned Juned,5,2024-06-16 06:42:59,"Ak ngk bisa tolong di perbaiki y kak,banyak ngk ak tau"
Muhammad nur Septiansyah,2,2024-06-16 06:18:10,Gk bisa akses data aplikasiğŸ˜­ğŸ˜­ğŸ˜­
Rudy atna,3,2024-06-16 04:37:51,Ko ngga bisa dipake
Raden Taka,5,2024-06-16 04:35:36,Darel ktl
Wulan sari,5,2024-06-16 04:23:37,Bagus sekali apk zarchiver nyh Saya jdi senang cara pakai nyh gampang klik ekstrak disini Buat file yang mau di ekstrak pakai. Ajah file inih zarchiver .
Sri Wahyuni,1,2024-06-16 04:19:19,Apasih. Aplikasi Ngebug. Pas Aku Ngekreasi File. Malah. File Tidak Didukung. Apasih. Gajelas Banget
Samsu Hadis,1,2024-06-16 03:25:28,Filet ini. Sagat manfaat untuk hp
Nafis Apis,1,2024-06-16 02:41:11,":/ gimana cara perbaiki nya, kalian tau la pas usah update android 11"
Saya Juan,1,2024-06-16 01:59:22,apalah masuk apk malah keluar sendiri
Dimas Wahyu ilahi,5,2024-06-16 01:24:24,"Gw merasa hebat rek, setelah memakai apk ini"
Sauki,3,2024-06-16 00:39:58,Saya sangat kesusahan karena pas saya mau daftar ke aplikasi ini sangat susah sekali buat lah aplikasi ini menjadi gampang sekali ya saya memohon kan Berilah contoh yang benar semuanya sangat. Kesusahan seliiiiiiiiiiiiiiiiiiiii kumohon
Misbahul Nuraji,1,2024-06-16 00:30:12,kok eror si bikin gw emosi
Buku Tulis,4,2024-06-15 23:00:42,Kok akses di tolak itu gimana?
otobi chan,1,2024-06-15 20:46:11,"di update malah ngaco oi, pas buka file text mau ngetik ke arah tertentu ketikanya malah pindah ke atas dan ganggu banget, text yg harusnya rapih malah rusak gegara kecampur sama text baru yg berpindah secara acak, pas nyoba mau di hapus text barubya malah yg ke hapus text lainya gajelas banget, mending gausah update pea"
D e b b y A n d y y y,5,2024-06-15 20:08:35,Wow
Enok Enok mulyanah,5,2024-06-15 15:48:42,Bagus
Obret Jaya,1,2024-06-15 14:52:11,kenapa tidak di izinkan dari file
Putri Injani Mazegelenda,5,2024-06-15 14:49:46,sumpah sebenarnya nggak bisa akses data di android 13 btw sy baru updated ke android 14 nah sebelum itu g a bisa akses baru aja sy update aplikasi dan Ternyata bisa akses android data ğŸ˜± sumpah ini nyata hari baru update aku kaget banget sebelum itu nggak bisa apa lagi sebelum update sumpah aku gaa bohong cobain dah
à¹à¸Ÿà¸™à¸”à¸µà¹‰,4,2024-06-15 13:36:25,"Semenjak saya up ke andro 14 zarchiver selalu eror ya akses ditolak,Folder rusak dll.Semoga untuk andro 14 bisa kembali dengan baik"
Pradipa Riski,5,2024-06-15 13:12:20,Kenapa saya gak bisa pasang apa apa
Bayu Samudra,3,2024-06-15 12:48:05,Kenapa android 13 terus akses di tolak?
wafa fadilmaulana,1,2024-06-15 12:11:56,jelek
Riamsa Lumbanraja,5,2024-06-15 11:53:13,ok
samsu Ari,1,2024-06-15 09:29:22,"Ga jelas masa akses di tolak di semua apl data ga jelas gw pake di HP lain bagus bagus aja tapi pas pake HP ini akses di tolak di semua apl dari data android ga jelas dah ""woy fix woy"""
Jensomen Somen,1,2024-06-15 07:53:04,Saat aku download Ultraman fhiting evolusion 4. Gakbisa
Spenzen Arwyn Earlytan,1,2024-06-15 07:45:39,There are no items in the data .plss ğŸ™ fix it
ALIF DAIM,5,2024-06-15 07:38:12,Intinya yg ngeluh gk bisa akses folder atau apalah setelah update itu divice kalian yg gk kuat buka apk nya yg bermasalah
Muhammad Rifky,3,2024-06-15 07:32:40,Apalah mau ekstrak ke data aja akses tolak tolong dong bisa ekstrak file ke android 11 ke atas gua mau main gta yang mod
ADDRYA Firman,5,2024-06-15 06:46:20,Bagusss
Wu Xuanyi,1,2024-06-15 04:22:23,Gk jelas
Lilis Lilis Rahamayati,1,2024-06-15 02:05:34,Jelek Jir banyak bug mindahin file stuck 100% Terus padahal bikin Tab baru terus pindahin ke Tab barunya arsip rusak Mening File manager
ALWAN WIJAYA,1,2024-06-15 01:58:42,Zdevs kntl ğŸ—¿ knp harus pake Shizuku
Acip Sutrisno,1,2024-06-15 00:52:09,12 data ok poeut adalah
Gibran Gibran,5,2024-06-14 16:53:08,Aplikasinya Bagus
Hernando Djevon,1,2024-06-14 16:51:03,Apk ini jelek kenapa aku harus di tolak sih!!!
Iksan Kamil,1,2024-06-14 15:49:10,kenapa ga bisa di buka si folder andorind nyh menolak akses udah di perbaiki ga bisa
Mak Mun,1,2024-06-14 15:24:06,Zachiver nya bug masak pas masuk keluar lagi kaya four clous
kenzi aury,5,2024-06-14 15:21:51,Kenapa gk bisa ke folder data lagi????? Semoga next updatenya bisa masuk lagi
Diego Kankan,2,2024-06-14 13:35:46,Aku kasih bintang 2 karena tidak bisa pindahin file ke data dan juga tidak bisa bikin file dan juga zarchiver masih bermasalah. Jadi tolong perbaiki ini Agar bisa pindahin file ke data dan juga bisa bikin file
Wujud Judun,5,2024-06-14 13:08:53,Berguna
Jvano,1,2024-06-14 12:12:23,Di versi android 12 kga bisaa kenapa bang
Shanum Nabila,5,2024-06-14 12:10:33,zarchiver please fix the problem zarchiver access denied I want to install the script zarchiver please fix the problem access denied android 13
Haykal haikal,1,2024-06-14 09:47:14,App anjinggggg masa mau masang apk gak bisa gimaana ini Cara masang nya tolollllllll
Agus Sahidin,1,2024-06-14 09:15:05,Saya sering dapat bug dari zarchiver ini
Wahyu Aji,1,2024-06-14 09:11:29,Kecewa gua padahal dulu di android 12+ masi bisa buka folder data tapi sekarang udah nggak bisa dah harus pake aplikasi pihak ketiga tapi masih tetep nggak bisa
jesen haba,1,2024-06-14 08:49:11,Maaf sy sudah tidak bisa memakai aplikasi ini karena semakin update bukan semakin bagus tapi semakin sulit Sy ingin memakai shizuku tapi Sy takut hp sy akan terjadi masalah karena itulah Sekarang apk ini makin jelek Tolong di pertimbangkan kembali untuk apk ini Sy berharap apk ini kembali ke versi yg lama Yg gampang di gunakan
Tini Helmy,2,2024-06-14 08:47:11,Aplikasi bodoh di android 12+13 susah sekali
Asir Ahmad,1,2024-06-14 08:43:03,Jelek banget
Muhammad Adityawan,3,2024-06-14 07:49:42,Ko gini ya kalo gua masuk di folder data ko kosong sebelum ya ga ke gini apakah android 11 udah ga mendukung
Raidan Boy,1,2024-06-14 07:00:57,Hai saya membuka folder data&obb akses ditolak terus tolong perbaki
Zxzpelajar SD,1,2024-06-14 06:58:52,Aplikasi jelek ngerusakin HP folder udh di safe jadi hilang grÂ² aplikasi yang gak berguna ini
Muhhamad Faris,1,2024-06-14 06:02:08,Aplikasi jelek karena seluruh data ku aplikasi hilang
saflan gaming,1,2024-06-14 05:38:25,Di update kali ini zarchier sudah tidak bisa android 11 buat developer nya tolong di di buat seperti semula lagi
sabihishikmal,5,2024-06-14 04:43:29,bagus
M. Tristan,1,2024-06-14 04:08:55,"Dev, kenapa Sekarang tidak support Versi 12? , ketika saya ingin ekstrak Game favorit saya ke data tiba tiba Aksesnya ditolak. Saya ingin menggunakan aplikasi shizuku tetapi saya takut jika handphone saya Kena hack, tolong Dev Support Android 12."
Ganteng Supriadi,2,2024-06-14 04:04:07,Kenapa android ke atas gk bisa di gunakan di data atau obb malah akses di tolak gk kayak sebelum nya saya harap di perbaiki lagi klo udh di perbaiki saya tambah bintang 3
Nekopoi Peduli,5,2024-06-14 03:51:39,nice apk yg sangat bagus terus tingkatkan performa nya
Rubi Fff,1,2024-06-14 03:35:45,Jelek karena data tidak bisa digunakan
Arisfin Arifin,5,2024-06-13 23:16:01,Aku suka2
Sandi Pratomo,1,2024-06-13 22:55:16,"Versi terbaru enggak bisa akses folder Android >> Data, padahal sebelumnya bisa Jika masalah terpecahkan akan saya kasih ğŸŒŸ 5"
Erik Gunawan,3,2024-06-13 18:59:31,Ko gw data sama obb dan lain lain ilang semua ya
Fajar Mauludin,1,2024-06-13 15:23:38,gajelas masuk ke fell Mulu padahal cuma mau sekerip sekin ml doang
Arthuria Vendragon,5,2024-06-13 14:32:31,Ubah design
Angga Permana,1,2024-06-13 13:40:39,Tidak di dukung
Arul Arull,1,2024-06-13 13:24:33,Jangan update terus anjinggg
Pande Gerih,3,2024-06-13 13:24:18,"Tolong dong Android 12,13,14,di permudah membuka folder data nya"
The last Craft,3,2024-06-13 13:22:02,"aplikasi ketinggalan jaman, hp makin update aplikasinya tidak mau mengikuti sehingga banyak bug error terjadi"
Yadi Its 'me di,1,2024-06-13 13:15:11,Gw knpa ga bisa akses bjir lah apl ini gj
Nyanyang Mebeul,5,2024-06-13 12:28:19,Aplikasi ini sangat bagus
Efendi 099,2,2024-06-13 12:24:02,Pas mau nempelin ke folder data kok memiliki batasan akses android
Muhammad Aditya Gilang Pratama,1,2024-06-13 11:55:36,ga jelas Iydh pake shizuku tp akses data minecraft ditolak
Muh Alyf Al Hilal,1,2024-06-13 10:52:40,Tolol
Kai Haruka,1,2024-06-13 10:49:50,Apk nya tidak bisa untuk melihat file android data karna aksenya di tolak tolong di perbaikilah
â€“RifXyzanakbaik`,5,2024-06-13 10:16:00,mantapppppppppppp
Alvin Raska,1,2024-06-13 07:14:07,Apk anj dari tadi gua mau download sesuatu malah gak bisa apk kon***
Endang endang,1,2024-06-13 05:37:49,Saya tidak bisa menggunakan aplikasi odd
Askbhc,1,2024-06-13 05:02:40,i can not acces the data & obb file.
ian,5,2024-06-13 02:58:25,50% tidak bekerja dengan baik :)
Sekhu Fatahilah,5,2024-06-13 02:47:49,Bagus
Giovi Akram raiguna,1,2024-06-13 01:31:28,Aku di tolak
Andi Akrimuddin,5,2024-06-13 01:28:32,Siiip .ok.ok ok
Aldous ft Martis,1,2024-06-13 00:29:07,Apk makin ngaco
Gasan â€œgasanthariqâ€ Thariq,1,2024-06-13 00:16:37,Forsclose mulu
Muhamad alfiyan Ilham,4,2024-06-12 23:24:15,alus
Inayah Rani Tysmayer,3,2024-06-12 22:32:47,Susah di pake tapi apk nya bagus terimakasih sudah membuat apk ini ğŸ—¿
Rail Sapta,5,2024-06-12 22:22:02,Bagus
Ikyy Ikyy,5,2024-06-12 21:45:17,Bgus
Rafi Ganteng,1,2024-06-12 20:44:30,"APK NGENTOTTT, KALAU CUPU CUPU AJA ANJINK"
Mustafa Rafli,1,2024-06-12 18:56:40,kek mana app ini kop jelek ganti nama aja gak bisa lagi
Muhammad Arbi muzaqqi,5,2024-06-12 18:19:03,ğŸ¥µğŸ‘‰ğŸ‘ŒğŸ—¿
Zen Udin,1,2024-06-12 17:47:57,Kagak berguna
Akmaludin Fitra,5,2024-06-12 17:39:59,Good Job Brother ğŸ‡²ğŸ‡¨ğŸ¤
Manijah Manijah,1,2024-06-12 15:14:32,ini aku nggak tau ya hp ku yang gimana atau apa masak hp android 12 keatas nggak bisa pakkek akses ditolak mulu kocak dah perbaiki dong gitu doang susah
Mutiara Kasih,2,2024-06-12 13:36:55,Tetap aja udah pa shizu akses di tolak
Farel GILA,5,2024-06-12 13:11:13,Ku kira aku doang yang tidak bisa akses saran gua pakek apk sizuku
Alvaro Juno,1,2024-06-12 12:47:59,Sangat ribet pemakaiannya.Ketika ingin mendownload sesuatu pasti memiliki batasan android dan akses selalu ditolak
bi. aj,1,2024-06-12 11:30:54,Tolong di update lagi kalau bisa tanpa terhalang akses dan tanpa harus root root an segala atau pake pihak ke 3 seperti apk shizuku Kalau nanti bisa mengakses file atau memindahkan file semua aplikasi nanti aku tambahin lagi bintang nya.. Hadehh mengakses file Minecraft aja gak becus padahal cuman Minecraft
NON BIYORI,2,2024-06-12 10:53:40,Apalah zarachiver apa apa akses ditolak lebih ribet
Muhammad farid,1,2024-06-12 09:00:46,Zarchiver tidak bisa digunakan
YANZZ Ajeee,1,2024-06-12 08:29:40,mengapa akses di tolak?
BOBA WOLF,1,2024-06-12 07:24:28,Wkwkwk suka kluar sndri
Sahindra Harahap,1,2024-06-12 07:24:27,"Why can't this kasi application work on Android 14? I'm confused about using Shizuku. Do you think everyone can use Shizuku? Why do you think it's so difficult, damn developer?"
Jalaluddin,1,2024-06-12 06:59:39,Min update lah ini apk karena adnroid 14 gabisa di pakai
Petra Otemusu,5,2024-06-12 05:54:31,BUDI
emi yuliani,2,2024-06-12 05:40:06,Aplikasi ini lumayan bagus sih tapi banyak bug
Izan Alhamizan,3,2024-06-12 05:29:57,Ko apk nya gini sih tolong dianu in ya developer
Hery Kiswanto,5,2024-06-12 05:10:52,Sangat membantu cari file
Samwell Delivian,3,2024-06-12 04:15:26,Lumayan
Raya Habibie,1,2024-06-12 02:43:57,Tolong betulkanb bug android 11 saya tidak dapat membuka folder data
Dika Avengers,1,2024-06-12 01:12:07,Apk asu
Slice Of Life,5,2024-06-11 20:35:17,"untuk android 11 ke atas sekarang tidak bisa memindahkan atau menghapus data di folder ""Android"". Dibuat gini demi alasan keamanan, jadi bukan karena salah ZArchiver. kalau kalian ingin menghapus data di folder ""Android/Data"" atau ""Android/Obb"", kalian bisa memakai aplikasi shizuku untuk melewati batasan proteksi di folder ""Android""."
Hasim Mujadi,5,2024-06-11 19:37:14,Min kok tidak dapt di akses
Ã†,5,2024-06-11 18:00:16,pls update to android 14
Pahmi Hilmansyah,1,2024-06-11 17:09:34,"Makin kesini makin ribet ini apk, bukannye membaik malah memburuk, jadi rusak di zip sma ini apk!"
Nanang Bae,1,2024-06-11 16:16:07,Ga jelas apk nya
Mh Raja,5,2024-06-11 15:45:59,Yare yare
Ipangka Try Dwy,2,2024-06-11 15:31:26,Apa android 13 sudah tidak bisah meng akses faill
Shiroko,1,2024-06-11 15:16:32,DASAR GAK JELAS MENTANG MENTANG HP GW ANDROID 14 MASA AKSES DI TOLAK ANEHH DASAR (BASICALLY IT'S NOT CLEAR ABOUT GW ANDROID 14 PHONE ACCESS IS REJECTED WHICH IS WEIRD BASIC )
Alvin Rosyanto,5,2024-06-11 13:26:27,Bagus aplikasinya
Wingki Adryan,1,2024-06-11 13:07:06,Mohon diperbaiki agar suport Android 13
Sutenli Tenl,5,2024-06-11 11:59:58,Mantap bisa main bola sudah dengan aplikasi ini
Demon God's Lackey,1,2024-06-11 11:05:39,Saya mau masang file file nya gak ada kan gak jelas
Nisa Nisa,5,2024-06-11 10:35:15,Inpo mabar
Erin Erlina,3,2024-06-11 09:42:48,download data servernya lama banget kenapaya mana Kun dah sultan temenÂ²banyak cantik dan ga toxsix
Arip Imami,5,2024-06-11 09:31:44,Good banget
Asep Soeprianto,5,2024-06-11 09:29:13,Nice mod installer
ALAWAK PROJECT,3,2024-06-11 09:26:29,selalu ada masalah
Muhammad Fauzi,1,2024-06-11 06:51:56,Saya beri bintang 1 karena di android 11 ke atas folder data yg berada di dalam folder android tidak ada tolong untuk developer zarchiver di kembalikan seperti dahulu saat folder data masih ada ğŸ™ğŸ»ğŸ™ğŸ»
Risky Ekacahyono,1,2024-06-11 03:54:32,"Kembalikan zArchiver yg dulu za yg sekarang ribet, bikin males"
Amirah Salwa Shafiyah,1,2024-06-11 02:43:52,BUG TRS KELUAR TRS JUGA
Radit Bardi Pratama,1,2024-06-11 00:37:03,"Menurut saya lebih mudah ZArchiver yang dulu dari pada yang sekarang, yang sekarang susah di gunakan saya mau mengekstrak aja gak bisa padahal udh menggunakan Shizuka"
Junn PresetXML,1,2024-06-10 17:18:45,Sebentarnya apk nya membantu tpi knp saya mau download GTA kaga bisa di data nyağŸ¥² tolong dong min ZArchiver
Resya Wahyu ferianto,1,2024-06-10 16:39:26,apk tolol masa data gue gaada
Jeremy,1,2024-06-10 16:18:22,jelk bgt ni apk masa data nya ada bacan akses ditolak buat gw sterrsss aja ni anj apk bangsatt gjls anj betul
Niko Galang,2,2024-06-10 13:47:49,Aneh untuk android 13 gabisa apa apa
Dzikri AL FATIH,1,2024-06-10 13:19:10,Akses di tolak
Nur Hasanah,1,2024-06-10 12:15:23,Lama penghapusan filenya
BukanWibu,1,2024-06-10 12:10:08,Data gw kehapus pntk
Yusup Ncuy,3,2024-06-10 12:07:11,"Min tolong perbaiki , kenapa setelah upate , file obb nya tidak bisa di akses ( dibuka )"
SAI FUL,1,2024-06-10 11:53:59,Gimana sih cara main gta 5 fi siniğŸ˜ ğŸ˜ 
Habibi Ganteng,1,2024-06-10 09:28:56,Aplikasi tolool aku estrak file tiba2 keluar sendiri
Randi Ginting,5,2024-06-10 08:49:15,Bagus
Kiki Juniar,5,2024-06-10 08:05:56,APK BERGUNA UNTUK YAAA
rilexx yan,1,2024-06-10 07:42:20,"Tolollllll udh jangan pake aplikasi ni lg, knpa skrng bermasalah ya, pdhl dulu lncr2 aja"
Grisella Sitanggang,1,2024-06-10 07:34:24,Apk ini sagat lah tidak berguna
Nina. K Nina,1,2024-06-10 06:56:58,"Pas, saya download kok lama banget ya aku dah tunggu masih 0 kenapa ya tolong perbaiki"
"Yt panco ,",4,2024-06-10 06:56:41,Aplikasi nya mantap jiwa
Akbar Tzy,1,2024-06-10 06:17:07,Kenapa pas memasang map one block tidak bisa what
Eny Lay,5,2024-06-10 06:07:57,no reason for this ap
Muhammad Dedek,1,2024-06-10 05:07:03,Saya akan klarifikasi zarchiver tidak bisa karena ada tulisan akses di tolak
Mbaskara Azzaraka,1,2024-06-10 04:20:30,Masa gak bisa akses
ROJUL GG,5,2024-06-10 02:19:02,GG banget lohhhh
Syafiq Al-fattah,1,2024-06-10 02:17:24,Nama bapaku udin nama ibuku Leni
Risa Armalia,2,2024-06-10 02:02:05,Om telolet om
Abu Thanos,1,2024-06-10 02:01:17,wongireng
Wajib Wajib,1,2024-06-10 00:21:09,Dah gk guna anying
Debby Ceria,1,2024-06-09 22:34:50,"Jadi gak bisa obb , uninstall"
muhamad arjun,5,2024-06-09 22:02:26,Mantap
Galang Alviano Putra,1,2024-06-09 19:47:23,Sering nge bag tiba' keluar g jelas sendiri pas masuk apk nya lagi gak bisa
reffal alansah,2,2024-06-09 19:02:08,developer tolong perbaiki kenapa setiap pemindahan file tulisannya folder kosong pdhl ga pernah di hapus. ğŸ™
Muhamad Hariyadi,5,2024-06-09 17:37:12,radi
Hengki herlambang,1,2024-06-09 14:31:07,11 3 FW NO REGE NO LOGIN NO PANEL NO CHEAT NO BEDAK NO SCRIPT NO ANTENA 200 NO TEPUNG NO PUNYA HP NO SCARLETT NO PAKE TANGAN NO GODSETTINGS NO MINYAK TELON NO SARUNG JEMPOL NO DOWNLOAD EPEP NO MINYAK KAYU PUTIH NO SG EVO NO SG OPM NO SG UNGU NO SG MATEL NO SG LUMUT NO SG MAMBA NO SG WINTER 50% rules baru NO SG XTREME NO SG PARROT NO SG GOLDEN NO SG TEROMPET NO SG METEOR ABU NO SG METEOR BIRU NO SG METEOR MERAH NO SG METEOR KUNING NO SG FREEZING FLAME
Rahmad Hidayat,1,2024-06-09 14:20:05,Ada kesalahan data
Ahmad Adli,1,2024-06-09 13:14:33,"Makin ga jelas update sekarang ga support android 12,13,14 selalu di tulis akses di tolak tolong lah bikin kayak dulu support semua android jadi payah saya untuk masuk kan file ke android harus pake aplikasi tambahan"
Niki Niki moko,5,2024-06-09 13:13:38,Yg penting untuk melihat apakah ada hubungan antara manusia dengan menggunakan metode di download di sini adalah dengan menggunakan metode di atas meja yang keren dan unik di dunia dan akhirat kelak di akhirat kelak di akhirat kelak di akhirat kelak di akhirat kelak di akhirat kelak di akhirat kelak di akhirat kelak di
DEOXSY VT,5,2024-06-09 12:12:27,terbaik lah man!
Alfiano â€œZett 444â€ Set,1,2024-06-09 11:54:02,"Knt knt,mau download neko ui aja susah,tll,jangan bikin stress dah"
A. CHANDRA Jayawardhana,5,2024-06-09 11:21:08,"Very Useful like Usual, But I hope for the next Update!: â€¢ Can Read & Write in the System File Directories like Data, Obb and All. â€¢ Keep following the latest Android version for continuous development features. â€¢ do not remove or continue to provide features available for older versions of Android. Keep it UpğŸ”¥ğŸ‘"
Haidar ali Alfaridzi,3,2024-06-09 10:50:21,Kok progres ny slh trus si
Mansur Saputra,1,2024-06-09 10:15:46,Jelek Akses ditolak
Siti Marsita,1,2024-06-09 09:21:09,Gara gara HP gua update. ZArchiver jadi gak bisa akses obb dan data gua dan harus pake aplikasi ribet ribet gitu jadi males pake zarchiver
Richo Ardiansyah Suwanto,3,2024-06-09 08:36:06,Sudah bagus tapi makin lama data aplikasi tiba tiba hilang
Firasyan Zayd Ammarreandra,1,2024-06-09 07:07:14,"kenapa ya pas saya coba masuk zarchivernya tiba"" keluar"
Neko,2,2024-06-09 06:46:08,Masih ga support android 11 ke atas masa harus pakai apk shizuku ribet bg perbaiki lagi
Yuni Yudha,5,2024-06-09 05:38:01,Bagus
AlifAdissa Qolbu17,5,2024-06-09 05:24:50,Good
arya bintang,3,2024-06-09 03:28:40,Akses di tolak ğŸ˜”
Radit Ade,1,2024-06-09 02:39:59,"Malah makin susah, mindahin folder ke obb gabisa, nge akses data gabisa, intinya semakin di update semakin susah!!!"
Fast Buds,1,2024-06-09 01:53:12,Aplikasi ini macett/eror gk ada aplikasi yg mau di isiin file sangat gk membantu
Max Milian,1,2024-06-09 01:47:59,PenipuaaaaaaaaanğŸ¤¬ğŸ¤¬ğŸ¤¬
Boga ag Nu ag,3,2024-06-09 01:34:49,"Aplikasi si nya keren bagus cuma g bisa mindahin file data , yg olong pihak zarchiver perbarui untuk android 14 pliss kami mohon ğŸ¥ºğŸ¥ºğŸ¥ºğŸ¥¹ğŸ¥¹ğŸ¥¹ğŸ¥¹ğŸ¥¹ğŸ¥¹ğŸ¥¹ğŸ¥¹ğŸ¥¹ğŸ¥¹ğŸ¥¹ğŸ¥¹ğŸ¥¹ğŸ¥¹ğŸ¥¹ğŸ¥¹ğŸ¥¹ğŸ¥¹ğŸ¥¹ğŸ¥¹"
Untung Prasojo,2,2024-06-09 01:31:57,knp tidak bisa memasang forder data? mohon di perbaiki
D'mie Early,5,2024-06-08 23:13:22,Perbaiki tidak bisa membaca format raw dng
Farhan Zendi,5,2024-06-08 17:19:49,Tolol
Frxe X,1,2024-06-08 17:06:49,buat andro 11+ nih apk tolol bngt sumpah
Toni Richmond,1,2024-06-08 16:36:08,apasiihh kontll ini android14 sok asik banget anj sok soan nigkatin keamanan blokk gua sebelumnya buka akses di tolak pake apk shizuku berhasil tapi pas gua update hp gua shizuku udah ga bisa udah ga ngaruh kntll nih andro 14ğŸ¤¡ğŸ¤¡
Kenzie Akbar,5,2024-06-08 15:31:21,"aplikasi ini sudah bagus dan enak dipakai karna ringan, tapi saya mau ngasih saran kalo bisa ditambahin fitur copy lokasi file"
bang jen,1,2024-06-08 15:30:36,Aplikasi terkontol yg pernah saya download masak data aplikasi sama sekali GX ke baca hadeh...zonkk
Rubiya Deby,5,2024-06-08 14:49:36,"Sangat bagus, gausah di download"
ferdie Mahendra,3,2024-06-08 13:59:16,Knp akses di tolak bro sebelum nya bisa aj
deva priyandika,3,2024-06-08 13:38:07,"dulu baguss bisa membatu, sekarang arsip di tolak semuaaa, arsip rusak lah itu lah"
Slamet Jaya,4,2024-06-08 11:16:47,Bagus
Oli Ver,1,2024-06-08 10:47:19,"Gabisa akses folder, saya sudah pakai app shizuku dan liat tutorialnya, dan tetap tidak bisa"
Rizky depri,3,2024-06-08 09:57:25,Bang zdev bang zdev kenapa di Andro 13 jadi aplikasi file tidak mendukung tapi di Xiaomi biasa aja??
Ganesh kw,3,2024-06-08 09:55:57,Banyak iklan nya jadi nya kurang nyaman
Ceng Ifank,1,2024-06-08 09:31:32,"di hyperos sudah tidak bisa di gunakan lagi, seperti pindah/salin data"
Gif Tyz,5,2024-06-08 09:25:47,Gw donlot bokep makin nyaman
Wahyu Mei,5,2024-06-08 09:11:55,Saya telah menggunakan aplikasi ini dari lama dan aplikasinya sangat membantu
Teuku Ahmat nazhir,2,2024-06-08 09:06:40,"Kenapa saya tidak bisa mengakses data dan obb, saya sangat kesusahan saat ini mohon segera diperbaiki."
Fachri Thalita,5,2024-06-08 09:02:51,bagus Buanget......
Khairul Anwar,1,2024-06-08 08:59:21,"Why can't I open the data and media folder for Android 11 and above?? So if I want to download gta or something else, I can't. Please fix it."
Fahrezi Ilhami B_ D 40 NA,1,2024-06-08 08:52:59,Ini apk gw cuma mau ngedownload mod gak bisaÂ² bilangnya terjadi kesalahan saat pengurangan aplikasi me me me me me me brisik udah gak bisa bikin marah lagi
Rimuru Tempest,1,2024-06-08 08:03:42,Tidak berguna
Suhermanto,2,2024-06-08 07:57:26,"Sejak ad aplikasi Shizuku, saya tidak bisa mengakses folder obb / akses ditolak, dan saat saya pakai Shizuku, proses pengekstrakan sangat lama, mending ZAchiver yg dulu lebih mudah di gunakan"
Rizal ? Kontol !!!,1,2024-06-08 07:42:36,g bisa ekstrak
Mufti Mulya Pratama,5,2024-06-08 07:29:29,"tolong kenapa root shizuku ga bisaa di pake di android 11+, sedangkan root su ga ada di android 12?"
Hafis Afrizal,5,2024-06-08 07:29:25,Please Android 14 and above please fix the bug because we always fail
Fajri Tya,1,2024-06-08 07:11:23,Minimal ga ngebug dek
darren Rasubala,1,2024-06-08 06:21:40,Dlu bisa ke akses data nya sekarang gk bisa udah pake Shizuku padahal tapi pas mau ini ke folder minecraft gk bisa
Warih Hilyan Musyafa,4,2024-06-08 06:01:49,!mmm
SALAM TUTORIAL,1,2024-06-08 05:47:42,"Open tab nya, agak bermasalah keluar sendiri sudah di lapor tapi tidak ada tanggapan mengenai masalah ini tolong lah developer nya untuk meng fix masalah ini!!!!"
Aditia Rahman,5,2024-06-08 04:57:34,Bagus bisa di gunakan
Krisna Putra,5,2024-06-08 04:49:00,RarrrrrrrrrrrrrrrrğŸ¤—ğŸ˜ƒ
Desi Novia,5,2024-06-08 04:10:15,ğŸ‘
zianka audrey ranindyarta,1,2024-06-07 23:54:19,"Apk sampah terlalu banyak eror. Udh make Shizuku masih aja ada tulisan ""akses ditolak"" apa apaan???"
Satria Dana,1,2024-06-07 23:37:34,andro13gk work hu
Wahana Luragung,1,2024-06-07 22:38:54,Tolong lah supaya di permudah di andro 11 ke atas
Muhammad Barkah,4,2024-06-07 18:31:07,Bintang 4 dulu soalnya cara extrakan gimana kalau sudah kasih tau caranya kepada saya aku bakalan naikin bintang 5
Manyabe MRDS,5,2024-06-07 14:50:20,Good
Firaas Abqori,1,2024-06-07 14:34:06,Kocak
Uyeh Uyeh,5,2024-06-07 14:06:21,Oke
udin Udin,5,2024-06-07 12:54:22,Sanjay membantu
Brian bagasramadanta,5,2024-06-07 12:19:33,Akses ditolak? Tolong developer di perbaiki
Vera Yuli astuti,2,2024-06-07 11:47:46,Zarchifer ini tidak berguna bgi hidup saya bapak kau yatim akses di tolak lgi
Bg Badrul,1,2024-06-07 11:47:42,Pake akses ditolak sih kntl emg bintang 1 aja gara ni aplikasi w hrus donlod ulng data ml
ikhsan mboh,1,2024-06-07 08:54:02,wa bngsattttt cokkkk mata ne ya an download wa gb Ra knk di login we wiloo gwe vitur seng apekm kalah saing mbe wa gb mlh di blokir i kbhbh we wilo cok gawe fitur seng lueh apekk aku gawe sw burikk kyok taek jncokkk
Senses,5,2024-06-07 08:44:33,Sangat bagusğŸ‘
Banjing Sunda,1,2024-06-07 08:09:09,Aplikasi apa ini akses di tolak Mulu tolol tolol
langggz,1,2024-06-07 08:05:46,masa andro 13 di tolak ma zarchiver yg bener aje bintang 1 lah
Doom Guy,4,2024-06-07 07:18:59,Mau masang mod minecraft kok gak bisa selebihnya dah bagusğŸ˜
Adrian Dian,5,2024-06-07 06:56:50,Bagussssss
renita hapsari,1,2024-06-07 06:47:52,Mending nggak usah update tambah banyak bugğŸ–•ğŸ–•ğŸ–•ğŸ˜¡ğŸ˜¡
Aris Boboboy,5,2024-06-07 05:02:42,Aplikasi nya sangat membantu saya dalam mengexstrak file seperti game dan video
juka Ganteng,5,2024-06-07 04:37:50,GTA
Arga Evi,1,2024-06-07 03:36:32,Karena tidak bisa ektrak
Fariz,4,2024-06-07 03:06:26,zharchiver sedikit ad bug ny tpi gpplah apkny bagus buat ngirim file2 /data buat mod apk cheat gtu sperti ff atau pubg mL
Haikal,1,2024-06-07 02:10:07,Aplikasih gajelas
Bolling Jump,3,2024-06-07 02:08:03,Ok dh bisa
Stephan Gianevan janssen,1,2024-06-07 01:10:35,Sering eror
Mulyadi Ady,1,2024-06-07 00:56:37,Apk ppk
Deni Ali,1,2024-06-07 00:42:14,Does not support Android 14
Tompel khece 123,5,2024-06-06 23:01:27,kenapa harus ada batas akses android gimn cara ngapuss nyaaaaaa coooooo
Mist Dragon,5,2024-06-06 22:53:22,Cara akses folder data di android 14 gimana
Avni 014,5,2024-06-06 19:16:51,ğŸ…‘ğŸ…ğŸ…–ğŸ…¤ğŸ…¢
Mas Fathul,4,2024-06-06 16:09:49,Semakin ke sini semakin susah
M Erlangga Saputra,1,2024-06-06 15:53:05,Ga bisa salin
Feeeka Feeeka,1,2024-06-06 14:57:28,karena ada pembatasan android jadi aku cap buruk aplikasi ini
Elliya Halimah,2,2024-06-06 14:51:36,Oi update lah biar bisa hyperos anjay resah banget gwa
Nadhifa Ayuwandira,1,2024-06-06 14:38:05,Kenapa tidak berfungsi di android 14
Santo,1,2024-06-06 13:59:14,Plis lah buat developer kasih solusi untuk android 12 ke atas banyak kendalanya
R Rl,1,2024-06-06 13:51:44,Kebanyakan Bug Terus
hendra fajar,5,2024-06-06 13:36:02,UNTUK MAIN GAME EMULATOR
Abankaza Tegar,3,2024-06-06 12:38:26,Tiga bintang ğŸŒŸğŸŒŸğŸŒŸ dulu
Syah Roni,1,2024-06-06 12:04:27,Kenapa sih di android 12 akses di tolak
Samidah Ida,5,2024-06-06 11:48:07,Belum tau soal nya belum nyoba
Ahmad Syihab,3,2024-06-06 11:30:33,"Apalah masa android 14 kagak bisa sih, bisa sih tpi pake shizuku tpi jadi lama pengekstrak an nya tolong lah perbikin buat android 14 kagak ush pake shizuku segala"
Leni Marhan,1,2024-06-06 10:37:39,"Semenjak update android 14 susah, rating 1 kalo udh bener nanti 5"
Toko Harijaya,2,2024-06-06 10:34:55,Gajelas banyak banget masalahnya
Gigih Jatmiko,1,2024-06-06 10:03:47,Plis buat andro 14++++ Gbsa mulu dah
Fhrot Fhrit,2,2024-06-06 08:35:01,Of
Zidan Afsel,1,2024-06-06 06:25:34,Not Working On Android 13
Psi Si,3,2024-06-06 04:59:32,Bagus tapi kok update malah banyak yang eror contohnya oprasi selesai dengan kesalahan akses ditolak dan masih banyak lagi
Heni Mulyani,2,2024-06-06 04:40:05,"Pas mau potong filenya lama banget,gak kaya dulu,semenjak di update yang baru kok jadi jelek ya? Tolong diperbaiki lagiğŸ™"
Rian Ardiansyah,5,2024-06-06 03:48:40,Keren aplikasi ini
Sujono Sujono,5,2024-06-06 02:43:18,aku ğŸ˜  tidak bisa intal
Iwan siswandi,5,2024-06-06 02:12:55,Bag us bet
Raju 25,3,2024-06-06 01:55:29,Saya kasih bintang tiga dulu karena Semenjak saya beli hp yg Andro 13 Dan teruntuk andro11-14 itu sering ngebugkan? Misal akses ditolak Kan ribet mau NGEROOT LAHH saya minta cuman di perbaiki bugny kami yg make Andro 11-14 susah ngeakses file android data-obb
Febri Maulana malik,1,2024-06-06 00:01:21,Zarcchiver sekarang jadi gak guna harus harus pake sizuku agar apk nya lancar
Joki,3,2024-06-05 20:52:04,Kenapa ya aplikasi ini tidak mendukung akses di tolak tolong di update lah ini aplikasi nya
Fahri Wardani,2,2024-06-05 17:59:45,"Developer perbaikan jalur penyimpanan data. masa pas pasang file di zachiver tiba tiba hilang datanya. Terus bugnya perbaiki juga biar mudah akses file.sering bug pas mau pasang file di zachiver tiap Minggu itu datanya hilang melulu, mohon perbaiki zachiver hilang kan bugnya, tolong developer kalo update hilangkan bugnya,itu saja dari saya ğŸ˜®â€ğŸ’¨"
Dandi Rmdn,1,2024-06-05 15:53:35,"Buat android 11 kayak ngebug gitu, sebelumnya mah lancar aeee"
iwan Lopes,1,2024-06-05 15:05:39,Knpa android 13 gabisa pake Tolongg bisain minn pliss
Rayhan Azka,1,2024-06-05 13:16:13,Mental dari zarchiver
putraruf arafi764,5,2024-06-05 12:51:59,App keren
Brayend Panjaitan,5,2024-06-05 12:07:55,Kon***
Dewi Ratna,4,2024-06-05 12:07:05,Apk ini sangat bagus!
Aldian Abiyu Bamantara,4,2024-06-05 11:31:27,Mwantapp bisa EktrakÂ²ğŸ˜¼
Jamal Udin,5,2024-06-05 11:25:23,Mantap
Agesta Alfathir,5,2024-06-05 11:01:47,Pro
Tris na,5,2024-06-05 09:15:09,Mantab
Putra Sadis,5,2024-06-05 09:14:46,Baik dan aman di hp kita
deni,1,2024-06-05 07:45:39,Ga jelas ga bisa ekstrak akses ditolak yang buat aplikasi ini otak nya di taro dimana pikirin orang yg hpnya android 10kebawah
Trimo tegar tabah Saefulloh,1,2024-06-05 07:33:30,Akses selalu di tolak sangat tidak mendukung
Agniarsyad Nifa,1,2024-06-05 05:48:30,minimal kalo bikin apk yang niat bego gw kok operasi selesai dengan kesalahan mulu
Fahrul Aldiansyah,5,2024-06-05 05:46:00,Sangat cocok digunakan untuk permainan dan aplikasi
Nico firmansyah,5,2024-06-05 04:58:47,Kok hp inginix sangat susah
Nevan Nevankambinh,5,2024-06-04 17:29:22,Gabut
Slg Irfan,1,2024-06-04 16:04:21,Folder android tidak terbaca di android 13
Kayszee ',1,2024-06-04 16:04:17,bug
Raihan Apriliansyah,1,2024-06-04 15:51:41,"Apk gajelas,nob,bot,cemen,gaenak, bikin cewe aku sedih ğŸ˜¡ğŸ¤¬ devkotl"
ARES Ty,5,2024-06-04 15:19:02,Bagusssssssssssss
elok,4,2024-06-04 14:56:07,bagusğŸ¤—ğŸ‘
Kanafi Wahyu Nugroho,5,2024-06-04 13:35:20,ok sip
Rifki Hidayatullah,2,2024-06-04 13:09:16,Apklikasi nya udah bagus eh kenapa ada bug yaitu file data kosong
Naufal Tsaqif Alvaro,5,2024-06-04 12:52:33,Berguna
Rehan,3,2024-06-04 10:50:42,Saya Tidak Suka Dengan Zharciver Sekarang Saya Makai Android 12 Harus Pake Shizuku Itu Membuat Ku Kecewa Dengan Pihak Zaechiver Karena Harus Pake Shizuku Banyak Sekali Bug Dari Shizuku Saat Kita Exstrak File Itu Ngestack Di Loading Saya Sangat Kesal Atas Aplikasi Zaechiver Harus Memakai Aplikasi Tambahan
Kevin Surya,4,2024-06-04 10:22:44,Tolong kembalikin zarchiver yang dulu kok android 11 keatas kok gk bisa malah folder kosong ada nya suport android 14 tolong kembalikan android 11
Sahrul Bahrin,1,2024-06-04 10:14:35,Setelah update jadi gak bisa di pakai Android 11
Trisno Grobogan,1,2024-06-04 10:03:05,Apa arti dari ini semua cik lam
Vin,1,2024-06-04 08:39:39,Please fix the bug that recently occurred
Rio Ibrahim,1,2024-06-04 07:11:35,ga guna
Sakha Bima,5,2024-06-04 06:58:00,Fitur nya banyak
Satria,1,2024-06-04 06:35:59,Aplikasi macam apa ini. Gabisa mindah file ke data
Mohammadkhoirun Nizam,1,2024-06-04 06:29:11,Bug gak ada akhlak udah ngeselin tolong ah diperbaiki akses ditalak itu
Absyar Azka,1,2024-06-04 05:58:21,Download gratis aplikasi GTA SA MOD ini
Bagya Arizky,1,2024-06-04 05:52:02,"""akses ditolak"" ""operasi selesai dengan kesalahan"" ğŸ˜‚ğŸ˜‚ğŸ˜‚ğŸ˜‚ğŸ˜‚ğŸ˜‚ğŸ˜‚ğŸ˜‚ğŸ˜‚ğŸ˜‚ğŸ˜‚ğŸ˜‚ğŸ˜‚ğŸ˜‚ğŸ¤«ğŸ§â€â™‚ï¸"
Wiwik Widiyanti,1,2024-06-04 05:50:08,kalau gini ma bosan karena ada shizuki yg paling sukai orang apapun lah waluapun aplikasi ini sudah tidak ada lagiâ˜¹ï¸â˜¹ï¸
Johan Saputra,5,2024-06-04 05:49:31,ğŸ¤¨ğŸ‘ğŸ‘ğŸ‘
Mal Ibg,5,2024-06-04 05:31:37,ZArciver sangat berguna untuk obb dan kodename di bussid
DreamVsl,1,2024-06-04 04:44:58,"pls make it can a access /android/data like ""files by marc"""
Yndika r3zky R3zk,1,2024-06-04 03:17:45,Apk ga jelas masa cuma nyalain file aja ada tulisan Operasi selesai dengan kesalahan tolong perbaikan lah
rizqi abdillah,3,2024-06-04 03:06:19,aplikasi nya bagus tapi gak bisa di coloros 11.1 tolong diperbaiki
Rafli nur hidayat,1,2024-06-04 02:23:04,masa ngak bisa di android 14
Arken,5,2024-06-03 23:42:57,MembantuğŸ‘
Maya Sari,1,2024-06-03 23:35:56,Bug
Izzi Rawr,5,2024-06-03 23:35:16,Pencet dan tahan android habis itu hapus di jamin maen epep GK ngelag lagiğŸ‘ğŸ‘ğŸ‘ğŸ‘
Nazriel Ilham,1,2024-06-03 22:33:12,MLS bet Andro 13 kagak bisa meskipun pakai sizuku
Dipta Nasefa,1,2024-06-03 15:54:50,Gw salah apa kok gw di banet konto*
Rahmat Hidayat,2,2024-06-03 15:02:02,nasib andro 13 jdi susah jir ğŸ¥²
Shin Khoiri,1,2024-06-03 14:28:22,Berguru untuk mengekstrak file
A?,2,2024-06-03 12:16:17,Lebih suka yang dulu
rizky ardiansyah ritonga,3,2024-06-03 12:00:39,"Please help my zarchiver side has difficulty due to bugs and android 11,12,13,14 and so on have changed since the update and the shizuku application so please like before the admin has been advised by me thank you"
Blur Fire,5,2024-06-03 11:56:19,Aplikasi yang keren
itel PSs,5,2024-06-03 10:12:01,TIDAK BISA MELIHAT FILE DI DALAM FILE ANDROID /OBB HARAP GANTI HP KAMU ATAU KEMBALI KE TAHUN 2015 LALU BELI HP BARUğŸ—¿Di jaman itu Makan tu update software Kan jadi nggak bisa liat file di android Bukan salah aplikasinya Tapi sistem hp nya di perketat Di Android 11 keatas #sejauhiniygpalingmantap
bimszzz tampan,2,2024-06-03 08:11:06,"Tolol makin susah aja goblogg mindahin data obb,gua sumpahin ni apk tutup operasional nya"
Muhamad Bagus,1,2024-06-03 08:07:23,"hp android 11 keatas jangan dibatasi dong, masa harus kita terus yang izinin secara manual"
Ozan Rifat fauzan,1,2024-06-03 07:51:19,Apk nya kurang enak Mohon di perbaiki kenapa data tidak di akses
Rafa Cahya,2,2024-06-03 07:18:28,Semenjak update Mungkin ya zarchiver tuh jadi rusak buktinya saya akses di tolak terus
Ujang Racing,4,2024-06-03 06:45:29,"Paten cuy, langsung bisa meawingğŸ¤«ğŸ§"
Nizam Al_azki,5,2024-06-03 06:05:56,Mantap poko nya
Fakhri Rizqi,1,2024-06-03 05:45:38,Monyet
ALY ROCHMAT,1,2024-06-03 05:35:42,"Plis lah developer update biar android 12 bisa pake zarchiver, gw kaga bisa pake Shizuku soalnya"
Akuruoklah Prabowo,5,2024-06-03 04:24:44,Sangat bagus
Zero 03,2,2024-06-03 03:41:21,Kenapa ya makin di update malah makin banyak bug saya pake versi sebelumnya aman aman aja tapi setelah di update malah jadi banyak bug contohnya saat akan proses penghapusan tekadang terjadi error prosesnya memakan waktu lama padahal hanya file kecil pengen dibatalkan tapi tidak bisa
Udin Sumato,5,2024-06-03 03:35:04,apk ini rusak kh???
CRYO DIMEN,4,2024-06-03 03:26:40,"Aplikasinya bagus sebenernya... Tapi tolong dong fix bug, kadang kadang ada tulisan ""akses ditolak"", jadi nggak bisa berbuat apa apa, mesti di keluar terus masuk lagi sampe bisa bener lagi, terus ada notif ""aplikasi terus berhenti"", please di benerin :,)"
SUNARSIH,1,2024-06-03 03:17:07,kok gk bisa ngehapus file ya malah ngecrush loh aplikasi rusak
Ai Ai,5,2024-06-02 20:21:39,Good
Cium Aku dong,5,2024-06-02 19:19:14,Suka
Zephaniah Hutajulu,3,2024-06-02 18:16:23,"Mengapa saya tidak bisa melakukan pemotongan file di folder android/data dan saya mendapatkan notifikasi ""operasi selesai dengan kesalahan"" Tolong di berikan bantuannyağŸ™"
EXN`Pandaa,4,2024-06-02 16:50:45,Jos
BROHHBOZZEHH,3,2024-06-02 14:50:54,Sebenernya apk nya bagus cuman karna HP gw android 14 jadi gk bisa sumpah plis update biar bisa dipake di android 14
Pragos Kece,5,2024-06-02 12:33:32,bagus
Arjuna Pradana,1,2024-06-02 11:59:12,Data ya kosong dah gak bisa ngelag jelek banget apkkkkkkk nya sampah Jelek jelek jelek jelek sampah sampah
cello yf,1,2024-06-02 11:42:38,apk tolol keluraÂ² trs anj ytim
Muhammad Ilham,4,2024-06-02 11:27:58,minecraft Free
Fadhil Asdisa,5,2024-06-02 11:06:11,"Bagi orang yang mengeluh karena nggak bisa paste obb/data, TOLOL, itu bukan karena aplikasinya, tapi itu dari sistem hp kalian, kalau hp kalian udah android 11+, sistem keamanan diperketat, jadi file obb dan data di simpan di sistem, kenapa ini dilakukan? Agar hp kita bisa terhindar dari malware atau virus lah, sekarang aja banyak banget malware yang tersebar di internet. JADI ORANG JANGAN TOLOL KALI LAH, MAKANYA IKUTI PERKEMBANGAN TEKNOLOGI, JANGAN MAIN AJA TAU NYA. BLOK. (Sorry kalau kasar)"
Nopall ganteng,2,2024-06-02 10:05:13,Banyak bug yang harus di perbaiki
Lintang Fayi,2,2024-06-02 08:41:08,Gj suka ngebug
Zazi Tzy,1,2024-06-02 08:10:43,Kenapa kalo di android 12 ditolak? Tolong update dong min
Darius Barus,1,2024-06-02 06:55:42,"APLIKASI JELEK, KATANYA SUPPORT ANDROID 14, 13 AJA GA BSA"
Rafa Blx,1,2024-06-02 06:38:36,Akses ditolak jelek bet ni apk
Jerry Ersha,1,2024-06-02 06:22:08,elek bet njir
Icikiwir - FMP Muhamad Nahara,4,2024-06-02 06:07:40,"Semua sudah bagus tapi ga bisa akses file data, padahal aplikasi lain bisa"
Dimas Dimas,5,2024-06-02 06:04:32,kalian gak usah cari nama panjang kaya kini zArchiver tinggal cari z7 udah ketemu
Kananda Kananda Aldi saputra,5,2024-06-02 04:54:24,Untuk devoloper terimakasih banyak karena sudah bisa menggunakan aplikasi zarchifer dengan sizuku
Arikanami Matsu,1,2024-06-02 04:46:03,APLIKASI GAK JELAS KESALAHAN FILE MULUğŸ‘
Sifamval,5,2024-06-02 04:00:34,Aplikasi nya sangat bagus dan bisa membuat mod dari apk ini tapi tolong dikit di perbaiki sikit aplikasi nya kadang waktu mau di pakai forklos atau keluar jadi tolong di perbaiki
Putra Syahid,4,2024-06-02 02:38:24,PERSIB MEMA EY
Nofal Haidarganteng,5,2024-06-02 00:24:39,Ini aplikasinya 10000/10 berfungsi banget soal nyağŸ‘ğŸ‘ğŸ˜ƒ
Aldo ihsan,3,2024-06-01 23:54:06,"maaf kok jadi agak lemot ya ? saya suka main game dengan memasang texture , setiap mengubah nama file itu lama bangett berubahnyağŸ™"
Gusti ngurah Raditya,1,2024-06-01 23:32:09,Ada bag
Sutrarjo,5,2024-06-01 18:15:55,Ya apk nya sangat bagus
Elitecees,1,2024-06-01 15:30:12,l{0|\|T0(_ gk bisa masang data berat gk guna aplikasi nya T0(_0(_
Praditya Yudha Pratama,5,2024-06-01 13:05:05,cemboyy
Fahad Ramdani,5,2024-06-01 13:04:18,Daripada yg berbayar mending ini
Dimas Ilham,1,2024-06-01 11:53:50,"Kenapa sih harus uninstall pembaruan dan susah lagi menaru data nya pake akses di tolak aja, padahal di hp ku yang dulu bisa GK ada akses ditolak dasar aplikasi kontollll,babi,gak guna"
M. Rafif Febiano,1,2024-06-01 11:53:19,Keluar terus
Saban Dubil koli,5,2024-06-01 11:14:12,ãƒªãƒ¦ãƒãƒ³ã‚¹ãƒ“
Alpira Nuppus,1,2024-06-01 10:56:06,yang buat ekspor file bokep like
Fauzi alvi Nurokhim,4,2024-06-01 10:31:47,Apk ny cukup membatuu
Ratna Sari,3,2024-06-01 10:29:26,Sekarang akses menuju subuah file sering di tolak
Putra Waluyo,1,2024-06-01 09:16:38,Knp kalo hp android 14 tidak bisa mengakses file file lain nya nya seperti contoh file mobile legend
Agung Maulana,1,2024-06-01 08:30:27,Koncol emang ini apl
Fadli Fadli,1,2024-06-01 08:17:24,jangan hiraukan keamanan
Andi.nurpadilah andi,5,2024-06-01 07:26:09,Keren
Ricky Noble,5,2024-06-01 07:10:29,Saya suka karena bisa buat pojav menjadi aesthetic dan itu saja terima kasih ZArchiver!
M.Farrel Rizky Ansori,1,2024-06-01 06:54:00,Banyak bug sekarang
LEON HEEWON,1,2024-06-01 06:39:34,buril
dedi sukarno,5,2024-06-01 05:02:35,"Dtuz , dngu,, t"
CONFIG HEADSHOT,1,2024-06-01 04:41:29,"Gara gara mau ekstrak, data game gwe ilang semua gmna sihh, capek"" Download malah ilang"
sT NATION-DAFA,1,2024-06-01 04:34:29,"file data dan file obb pas dibuka malah ada tulisan ""folder kosong"" setelah update software"
Ahmad khoirul Azam,4,2024-06-01 04:26:41,Iftoiw
Mini DikaXavi,5,2024-06-01 02:39:40,Lumayan buat cheter epep:]
Raffa Putra Nabihan,1,2024-06-01 02:07:39,Sering eror ga jelas
Beni Tengger123,1,2024-05-31 23:15:04,Kenapa ya mau pindah file ke aplikasi yang ada di data gua pencet trs akses di tolak padahal sebelum di abdet masih bisa
Aku Vivoy30,5,2024-05-31 18:56:21,ğŸ‘
Rehan Azuzu,1,2024-05-31 18:18:03,Gbisa dibuat apa apa
Vxy__Isidorus Jaang,5,2024-05-31 16:37:14,"Mmmm liat liat ngeri juga ya liat komenan kalian emm btw aku kasi bintang 5 ya,soalnya punya ku android 13 bisa buka obb kok aman aman aja"
Rio ALAMSYAH,5,2024-05-31 13:01:02,aku suka aplikasi ini serba bisa
Muhammad rizki,3,2024-05-31 11:27:11,Maap keterangan updatenya yang sudah mendukung android 14 masih tidak bisa bahkan di android 13 sekalipun
Arjuna Hutabarat,5,2024-05-31 09:21:00,Mantap
Kaizo Baka,1,2024-05-31 08:27:40,"Saya kira hp saya yang bermasalah di karenakan akses di tolak,ternyata emang dari apk nya yang kurang update ketinggalan zaman"
Na Mbi,1,2024-05-31 03:02:01,Tolong dev perbaiki apk nya saya udah pake Shizuka kok masih gak bisa tolong di perbaiki apk nya gw mau pake .udah banyak yang nyeluh karena tidak bisa di pake
Hairilannam,1,2024-05-31 02:32:10,Di tolak zarchiver
Pengguna Google,5,2024-05-31 02:30:02,Sangat bagus
Rahman Ramdani,4,2024-05-31 02:21:25,Android 13 mau pasang gta sa ko di tolak bjir
ABYAN KEVAN,2,2024-05-31 01:29:00,Knp ya kok akses di tolak
viencent gaming,1,2024-05-31 00:06:05,Burik
Angga tri Andrian,1,2024-05-30 17:39:42,Gk bisa di gunakan
Tiwa tiwa,5,2024-05-30 15:34:46,ğŸ˜ğŸ˜ğŸ˜
Anantha Herdiansyah,1,2024-05-30 15:27:25,Tolong update untuk hp android 13+ soalnya data apk akses di tolak tolong jadi ribet segera perbarui zachiver agar android 13+ bisa menggunakan nya
Samsuddin Reskyi,5,2024-05-30 15:16:47,Sangat bagus dan sangat membantu
Rudi Jaya,5,2024-05-30 15:01:14,Ok
Jumeri Jumeri,5,2024-05-30 14:33:40,Sangat membantu mantap
abdul _aziz,3,2024-05-30 13:58:50,Lumayan
Mumtazul Azam,5,2024-05-30 13:54:05,Bisa tapi susah
Putra Nasir,1,2024-05-30 12:54:06,File rusak
Topan Tauladan,5,2024-05-30 12:42:09,Pasword nya
RiuZz A.K Fall,1,2024-05-30 11:56:09,APLIKASI RUSAKK BLOKK
mister gundol,2,2024-05-30 11:51:44,"Dulu aplikasi andalan saya Sekarang malah sistemnya tambah ribet, harus download aplikasi tambahan ini lah, itu lah, Kecewa banget ,ribet"
PauzanNuari43,5,2024-05-30 07:24:43,Aplikasi sangat bagus
Dian Susanti,2,2024-05-30 04:55:54,Blokk
Agung Putra,1,2024-05-30 04:51:39,Aplikasi tolol saya mau masang mod minecraft filenya gak ada
Yudhistira Adi Destano,1,2024-05-30 04:50:27,Please fix the issue i cant open the data file in data just please fix it and add support without shizuku
Hann Store,1,2024-05-30 02:26:25,Ga bisa dipakai dia android 13
Rafa Faizal,5,2024-05-30 02:08:20,bagus cuman ada unsur bokep nya jadi maluğŸ¤ªğŸ¤ªğŸ¤­ğŸ¥ºğŸ¥ºğŸ¥º
Andika FJ,5,2024-05-30 02:01:40,Ini bisa gak download gem yang bayar
Siti Asmarawa,5,2024-05-30 00:57:30,Dak ngerti untuk apa
Novel Nazwa,1,2024-05-30 00:34:49,Seya tidak bisa membuka polder data obb
Jaharudin jahar,4,2024-05-29 23:23:01,operasi selesai dengan kesalahang
Riski Bandu,5,2024-05-29 15:37:53,Ribet Ribet
Aldi Wakim,5,2024-05-29 14:08:03,Bagus untuk ekstrak file
faqih wahyu kurniawan (weka),1,2024-05-29 13:44:04,"faklah makin ribet, ketat poll gabisa akses data"
Fadil Zulfikar,4,2024-05-29 13:05:36,Sangat berguna
ndandu ariyanto,3,2024-05-29 12:29:39,pas lagi ekstrak ga bisa di sembunyikan hrs tunggu slese ektrak
Ridhoalfikrizz,1,2024-05-29 11:22:25,Tolong secepatnya di perbarui masalah akses di tolak ngabisin kota Aya mau download file tauÂ² nya zarchiver akses di tolak tolong di update secepatnya masalah akses di tolak
Afdhal Qais A,1,2024-05-29 10:27:45,File nya gmn sih malah aksesnya di tolak sih min gw dh liat tutor di yt masih gk bisa gblok
Bima Sakti dhia aza,5,2024-05-29 09:01:15,Apk yang sangat bagus tapi tidak untuk pemula
Ikhsan Bedebah,1,2024-05-29 07:38:15,Burik ketinggalan jaman android 13 kaga bisa
Ida Khunaidah,1,2024-05-29 07:28:19,Setelah update malah menjadi buruk
Rea,1,2024-05-29 04:09:00,B3GO LMA
arjuna candra,5,2024-05-29 04:03:36,sangat bermanfaat sekali
Ari Fandi,1,2024-05-29 02:03:17,Udah Nggak Jlas Mkin Hari Makin Nggak Jlas
8,2,2024-05-28 19:04:35,Taai laah masa fail gw ilangğŸ˜µâ€ğŸ’«
Icha Nuranisasilmi,4,2024-05-28 19:03:45,good...
nn3nr nrnrro,3,2024-05-28 18:58:26,kalo akses data/obb nya ditolak masa harus diroot?
Nopal Nopal Jo,5,2024-05-28 17:05:08,ğŸ‘ğŸ‘ğŸ‘ğŸ‘ğŸ‘ğŸ‘ğŸ‘ğŸ‘ğŸ‘ğŸ‘ğŸ‘ğŸ‘ğŸ‘ğŸ‘ğŸ‘ğŸ‘ğŸ‘ğŸ‘ğŸ‘
Sihol Manik,5,2024-05-28 16:47:40,hahahaha
PENDEKAR FREE FIREE,5,2024-05-28 16:21:45,Apk nya udh bagus dan tidak ada kendala di saat saya menggunakannya.
Ignasius Desta,1,2024-05-28 15:50:28,Eror gak bisa memindahkan file
Ani Ani,5,2024-05-28 14:45:16,Gila ini bikin aku seneng banget co
KAFUU CHINO,1,2024-05-28 13:48:36,"Kecepatan pemindahan file ke android sangat lama sekali, tolong di perbaiki"
elma wati,4,2024-05-28 13:00:13,Susah di android 13
Ar ujang junaedi Juna,5,2024-05-28 12:50:07,Bgus bagat
PUTRA YASA DANA TIRO,5,2024-05-28 11:46:15,Nice
Darmillah Millasari,2,2024-05-28 11:29:42,"saya sudah memakai shizuku tetapi malah ""operasi selesai berakhir dengan kesalahan"" tolong perbaiki"
??,1,2024-05-28 09:54:23,Aplikasi virus
Ahmad Sofiyan,2,2024-05-28 09:20:23,Kapan nih zarciver support android 12+
Alfan N,2,2024-05-28 07:35:40,Gk bisa memasang data
Daffa Fahreza,5,2024-05-28 06:36:30,Wow
rifqy ananda,1,2024-05-28 06:34:19,"bug di bagian data, saya sudah mencoba berkali kali tetap saja tidak bisa, alasan nya karena perlindungan privasi,sebenernya saya kesel sama bug ini karena saya pengen memasang data/mengganti data tolong segera di fix"
Lestari Ponsel,1,2024-05-28 06:30:17,Bagus banget buat android 9 sampai 12
Haikal Jr,1,2024-05-28 05:51:03,Dulu aplikasi ini yang aku gunakan untuk mos bagus terus pamer ketemen tapi sekarang kok ngak bisa kapan di update kayak dulu
FATHIR PERMADI,1,2024-05-28 05:08:18,Akses ditolak anyingğŸ¥²
Wildan Stres,1,2024-05-28 04:45:30,Pas selesai dowload mod tapi gak bisa di pasangğŸ˜ 
idk,1,2024-05-28 03:05:52,semakin ribet!!
Haikal,1,2024-05-27 23:42:34,Jan donload nanti HP lu kena virus jir ğŸ—¿
Yanto Ferguso,5,2024-05-27 16:38:47,Semua bagus gada kendala kalo kalian ram nya kemakan banyak karna zarchiver kalian hapus dan instal lagi aja
asrin natin,5,2024-05-27 13:07:55,Apkl yg sangat bermabfaat
javindra ramdani,5,2024-05-27 12:31:50,Bagus buat pasang shader dan mudah ğŸ˜
Zahraisya Zein Alra Suan,1,2024-05-27 11:55:58,Apk jelek banyak bug pul
Ahmad 177,1,2024-05-27 11:35:55,Pas gu apduf update ke android 13 gua kan mau pasang mob minecraft pas gue buka com. Mojang. Minecraft pe malah akses di tolak
Widayanti Abdillah,5,2024-05-27 10:51:48,Wow
glen rumtutuly,5,2024-05-27 10:00:27,Bagus
Gabriella,2,2024-05-27 09:42:20,gua masuk ngebug Mulu anjir apk gak jelas
Fauzyah Bajoe,5,2024-05-27 09:39:41,"Bagus,dan berguna bagi mengatasi akun ff yang bermasalah dari tulisan TXT"
Rosidaj Ros,5,2024-05-27 09:06:51,ğŸ’¯ğŸ’¯ğŸ’¯ğŸ’¯ğŸ’¯ğŸ’¯ğŸ’¯ğŸ’¯ğŸ’¯ğŸ’¯ğŸ’¯ğŸ’¯ğŸ˜®ğŸ˜®ğŸ˜®ğŸ˜®ğŸ˜®ğŸ˜ğŸ˜ğŸ˜ğŸ˜ğŸ˜ğŸ˜ğŸ¤©ğŸ¤©ğŸ¤©ğŸ¤©ğŸ¤©ğŸ¤©ğŸ˜¬ğŸ˜¬ğŸ˜¬ğŸ”¥ğŸ”¥ğŸ”¥ğŸ”¥ğŸ”¥ğŸ”¥ğŸ”¥ğŸ”¥ğŸ’ªğŸ’ªğŸ’ªğŸ’ªğŸ’ªğŸ¥¶ğŸ¥¶ğŸ¥¶ğŸ¥¶ğŸ¥¶
Sitiher Lina,1,2024-05-27 07:21:16,Stres semua data hilang njirr ğŸ˜¡
â€¢SENGGOL BACOKâ€¢,1,2024-05-27 07:14:03,Kntl lu gara gara gk bisa folder aksesoris ppk
Sajadiburok Sajadiburok,4,2024-05-27 07:06:44,Apk apo ntah Dk ba pungsi obb dk Tek
POP FIANDRA 1K 1K,1,2024-05-27 06:59:53,Tolong z archiver peyakit nya android 13 dan 14 ke atas betulin
Sofyan A R,1,2024-05-27 05:55:37,akses ditolak folder kosong
Rafka Bot bgt,3,2024-05-27 05:41:03,Kok punya saya pas coba pakai Shizuku pas ekstra file gagal Mulu padahal saya android 11
Firsa Saputra,5,2024-05-27 04:07:16,Sangat berguna bagi saya
Syafran Satria Algivaran,5,2024-05-27 03:21:21,Aplikasi nya keren banget!!!!!
Asrul Asrul,5,2024-05-27 01:37:45,Mantap
Fadhilah Heru,1,2024-05-26 21:49:38,masa akses di tolak mulu
Firzi Efriansyah,1,2024-05-26 16:03:10,Min kok pas saya lihat di folder data kok kosong ya padah kemaren ada bnyak kenapa ini bug atau apa klo misalkan ini bug tolong di benerin ya min pliss saya jdi bingung soal nya
Azira Irawan putra,5,2024-05-26 13:59:26,mantap
ardipratisto 2019,4,2024-05-26 12:18:33,Mantap
Neval Alexa,2,2024-05-26 12:05:03,knp Android 13-14 Akses Ditolak Atau Tidak Ada Data
gemers wahyu,1,2024-05-26 11:53:52,Sering crash
Ide Rumbhu,5,2024-05-26 11:25:07,Bagus bisa ekstrak
Tino Hermawan,5,2024-05-26 08:42:53,Addons for Minecraft
Rizki Maulanaa,2,2024-05-26 08:23:11,"Tolong BUUG nya di hilangkan, yg bener aja pas taun kemarin pas ak donlod trus buka menu android trus ke menu DATA AKSES LANGSUNG DI IZINKAN lah ini ak donlod lagi trus ak ulangi caranya kayak taun kemarin malah AKSES DI TOLAK/gk di izinkan, gk saya doang yg ngalamin tapi temanÂ² saya juga ngalamin yg sama, ak anggep sebagian BUUG yg SANGAT MERESAHKAN, tolol sekali lagi di hilangin BUUG nya, Trimakasih"
Rafi,5,2024-05-26 08:18:28,"à«®â‚ Ëƒ â¤™ Ë‚ â‚áƒ.....................................................,................. ./ã¥á¡•á µá Šá¡ƒà¡šà ¢à ˜à»ˆ â¸à»ˆà ¡à £á Šß¯á †à £à ˜á¡à £à ˜á Šá Šà ¢à ˜~~~~â™¡.......,.................................................."
alvin mamisa,1,2024-05-26 07:35:57,gak Terima masa mau akses data gak bisa udah pake Shizuku tetep gak bisa!?
Seni Wati,5,2024-05-26 07:27:24,Mantap
Aep Anak smk,1,2024-05-26 06:30:47,Jelek semenjak di updateğŸ¤®
Muhamad Ripal,5,2024-05-26 05:24:19,lumayan bagus buat ganti akun ml
Rifky Auliyah,1,2024-05-26 03:23:07,File saya tidak ada dalam data
By Indadari,1,2024-05-26 03:12:50,Tolong aku nggak bisa ganti tulisan
Anah Rama,4,2024-05-26 02:50:21,Account
Rizki Pratama,4,2024-05-26 01:20:42,zazifer saya tidak bisa gimana ya
Huma Edi024,1,2024-05-26 00:29:43,Kenapa saya ko gagal(di tolak) terus copy pastenya buat ke pubg
Samsudin Udin (Udin),5,2024-05-25 21:31:45,Baik
Nanda Filza,2,2024-05-25 17:10:47,Apk gj
Sugeng M,1,2024-05-25 16:14:48,Apk sampah untuk Android 13
Romi Albasyah,2,2024-05-25 15:03:15,"Gj banget, kadang file mlbb di data nya ngilang"
Pajar Pajar,5,2024-05-25 14:52:25,Mantap
Hilmy Ayas,1,2024-05-25 14:29:13,"folder ml gabisa di buka, ngotak dong aplikasi gj, kalo gabisa di buka ngapain buat aplikasi gjls"
Kusriyanto Novia,1,2024-05-25 12:55:28,Gua tida bisa menggunakan folder ini
Tiadea Radakaran,1,2024-05-25 12:31:08,Gak Guna Lagi
Ferdy Ferdy,5,2024-05-25 12:02:16,Jelek bosok
Indri Wijayanti Agoy,3,2024-05-25 11:03:19,Kenapa pas saya sudah uninstall pembaruan tetap tidak bisa masuk di net.kdt.pojavlaunch tolong diperbaiki
Adidas,5,2024-05-25 10:54:26,Lumayan lah
Gallan Setiawan,1,2024-05-25 09:46:18,data obb hilang??
Kadaka Garden,5,2024-05-25 08:57:51,Ok
bayuuu huy,1,2024-05-25 08:56:10,tidak bisa buat pasang obb
Onic R Y D Z,5,2024-05-25 07:19:29,Apk terbaik buat ngotak Atik file di hand phone
Muhamad Azka,5,2024-05-25 06:14:25,M e m e k
RILZ â€œRilzeâ€ z,1,2024-05-25 04:42:36,Saya pas di hp saya yang lama android 10 bisa mengakses file sekarang pas udah update ke android 14 ga bisa kenapa ya tolong jangan begitu yang lain mau mengakses file tidak bisa
Galang Wahyu,5,2024-05-25 04:37:04,Jangan berkelana ke ujung dunia gems itu adalah jenis sayur yg Sgar bisa kebuka ini lagi sadrani ank wedok bisa lagi diproses secara hukum yg lebih baik dari segi tiga misalnya kita ingin JD power Bank cross Andromeda A7 Andromeda A7 ini lagi sadrani ank wedok ini lagi mileh bh bawang goreng gampang ya Allah karna sosok yang tidak bisa lagi diproses secara hukum yg ada di Indonesia dengan harga yang sangat baik dan ini adalah jenis yang paling banyak iGO mingko nampil jln2 jln2 tuk pagi dipendin
Siti Khodijah,1,2024-05-25 03:41:57,ada link bokepnya
Syauki,1,2024-05-25 03:31:43,Lah kok punya gw pas etrack file ga bisa mau pindahkan file ke data nya akses di tolak entot entot
Dede Kurnia,1,2024-05-25 01:41:51,Aplikasi udh rusak
Egar Sahaja,1,2024-05-25 00:50:26,Kon. Tol lah akses ditolak melulu jem. But
Kaiju 7777,1,2024-05-24 23:09:29,Tidak dapat memasuki aplikasi karna bug
Muhamad Fadil pratama,1,2024-05-24 14:24:04,"Lah kok ada batasan android, android 13 tidak bisa kah?"
Rafa Andrias s,5,2024-05-24 13:55:26,Bags
Khaka Ashfiyai,1,2024-05-24 13:47:59,Kok infinix smart 8 akses ditolak
Iswandi,1,2024-05-24 13:29:20,Makin susah aj ni apk gua android 13 ga bisa walaupun udh di root
Fonazatulo Zebua,5,2024-05-24 13:10:39,waktu saya memakai nya seru bisa mendownload DJ organ 2024
Aaka Rafka,1,2024-05-24 12:44:06,Sangat tidak memuaskan karena pas mau salin data itu gak bisa bisa padahal udah di coba sampe 1 jam lebih tapi tetap aja gak bisa
Farhan Jawir,1,2024-05-24 11:38:12,Bangke gw andorid 11 ke atas padahal dah zisuku sama aja pas mo pasang folder mod dafa pack ke minecraft akses masi di tolak
Manis,1,2024-05-24 11:08:26,Aplikasi yang jelek kalo gabisa diakses data dan obb hapus aja aplikasinya ga berguna
Asroh Sitompul,1,2024-05-24 10:04:32,Android dan obb tidak bisa akses file
Deqi Kokok,1,2024-05-24 09:55:25,"Woy Dev,kenapa sekarang android 11+ gabisa akses file android???, tolong lah perbaiki aplikasi nya kalo engga ini apk ga akan laku."
KKB Kalau,5,2024-05-24 09:30:17,Rival gg
Chandler Hallow,1,2024-05-24 09:11:13,ğŸ¤¬ğŸ¤¬ğŸ¤¬ğŸ¤¬ğŸ¤¬ğŸ¤¬ğŸ¤¬
Rafi Pandhu,5,2024-05-24 07:22:33,ğŸ¤ğŸ’™ğŸ’œğŸ¤ğŸ©µğŸ©µğŸ©µğŸ©µğŸ©µğŸ©µğŸ©µğŸ’™ğŸ©µğŸ’™
kaelaokt26,3,2024-05-24 04:34:29,"setelah update Android 14, g bisa deteksi file. tiap kali mau pindahin file ke folder yang lain selalu gak ada"
Leonel Inggar,5,2024-05-24 03:22:35,Leo kibihwlk
Astar Nugraha,1,2024-05-24 03:10:57,Bosok
Petugas Partai,5,2024-05-24 00:19:09,"Saya memakai apk ini sudah lebih dari 5 th dari hape kentang ram 2-32gb sampai 8-128gb. Masih bingung apa""kekurangan"" apk ini, gratis, tanpa iklan, tidak berbayar, fitur komplit. Tapi tetep saja ada makhluk yang memberikan kritikan perihal tidak bisa membuka file obb atau data. Masalah tersebut bukan disebabkan oleh apk ini akan tetapi hp kalian sendiri.hp android 13 pasti tidak akan bisa mengakses obb atau data kecuali hp anda di root atau memakai shizuku. Tutor banyak di YouTube. Jangan manja"
Axis Adit,2,2024-05-24 00:03:18,Toolong update lagi ko folder obb data akses ketolak
Aldeka,5,2024-05-23 23:19:47,Mantap bisa download nekopoi ğŸ˜
Adam Floberys,2,2024-05-23 22:55:31,Tolong perbaiki setelah saya ekstrak game ke folder data akan muncul tulisan operasi dengan kesalahan tolong di perbaiki.
Sukarjo Joan,2,2024-05-23 21:35:46,kenapa shizuku v11+ not found?
Joko Mojor,5,2024-05-23 20:13:54,makask
Rila Jasarila,5,2024-05-23 18:22:47,Lumayan kocak ğŸ™ğŸ¤£
Kotol Asu,1,2024-05-23 15:17:45,Aplikasi bokep
Nopi nopi kerdon,5,2024-05-23 14:21:28,ğŸ¥ºğŸ¥ºğŸ¥ºğŸ¥ºğŸ¥ºğŸ¥ºğŸ¥ºğŸ¥ºğŸ¥ºğŸ¥ºğŸ¥ºğŸ¥ºğŸ¤«ğŸ¤«ğŸ¤«
Yudha Wirmansyah (YUDZ),5,2024-05-23 13:09:34,Main epep auto headsot
SATRIYO KH,5,2024-05-23 12:29:10,ANJAY MABAR PROFESIONAL
PUTRA ADI WICAKSONO,1,2024-05-23 12:13:41,Apa Sih Gak Bisa Pasang Obb Bussid Padahal Bener Caranya
KONTEN SINI,5,2024-05-23 12:12:06,Bagus skali
Mhd Zikri Ali,1,2024-05-23 09:28:21,Sama aja tidak ada beda nya sekarang apk ini buat orang bingung. Dan tidak seprti dulu lagi. Saya akan pindah ke apk zipify saja
Al-Fahri,1,2024-05-23 08:20:44,Aplikasi tercacat di dunia
Renjiro Adero,1,2024-05-23 07:29:47,Akses di tolakğŸ˜®â€ğŸ’¨
Rodri Go,5,2024-05-23 07:23:55,Bagus
Almira Nadine,3,2024-05-23 06:58:12,Ok
MMSD GAMING,5,2024-05-23 06:54:47,Terimakasih sudah membatu saya selama 4 tahun tapi sekarang hp saya sudah tidak support menggunakan aplikasi ini walaupun sudah pakai apk shizuku tetap saja izin pamit dan terimakasih ğŸ™
Imam. D. Saa,4,2024-05-23 06:46:33,Kenapa keluar2 sendiri bg apk nya
Ilyas Ilyas zaki,5,2024-05-23 06:13:12,Apk nya hagus untuk nyimpan file
Iyam Ilham,1,2024-05-23 05:59:50,ga bisa masuk ke file data
Jejak Penjelajah,5,2024-05-23 05:56:37,ğŸ‘ğŸ¼
Tristan Abi,1,2024-05-23 05:08:57,Ga bisa
Tasya Htrk,5,2024-05-23 03:37:59,Sangat membantu sekali
Brayn Official,1,2024-05-23 03:29:22,Sudah gak bisa akses file saya.
Ganis zafitri,5,2024-05-23 03:25:57,Ini game nya bagus
Yudi Irawan,4,2024-05-23 03:19:52,INI BISAAPASA JADI SI NI BISA NITAL GTA SAN
Vams Tomlol,5,2024-05-23 02:25:29,Aplikasi ini bagus berguna betul
2_ Achmad Ardisyah Akbar,5,2024-05-23 02:14:30,Pliss update support hyper os min butuh soalnyağŸ˜ƒ
Atha Gunawan,1,2024-05-23 02:02:54,Tolong dong kalo bikin apk ga ush dibikin ribet jadi harus pake shinzuku udh tau ribet + kalo mau ekstrak data yang di potong pasti tulisannya proses selesai dengan kesalahan udh coba tutorial dari manapun tetep ga bisa saran dari saya balikin aja apknya kata dulu bikin ribet aja
Kanza knzaa,5,2024-05-23 00:58:28,Mudah sekali di pakai
dederina,5,2024-05-22 23:41:41,Sangat bagus
Vino Alvino jericho,1,2024-05-22 22:55:24,Aplikasi sampah pengextrakan lama bet perlu 7 jam menunggu TPI gagal sy sgt kecewa sama sistem bodoh ini
Eza Eza,1,2024-05-22 19:21:07,Apk rusak
Muhhamad rian Pratama,1,2024-05-22 16:51:20,Jlek
ANK RP Suka rp,1,2024-05-22 15:55:53,Ada yang erorrrrrr
JOKO PURWO GAMING JOKO PURWO GAMING,1,2024-05-22 15:02:35,Hei zarchiver kenapa pas gua potong folder com.rokstar game GTA gua malah gak bisa tulisanya folder ini memiliki batasan akses dulu pas pake hp yang lama gapapa tuh sekarang di hp itel p55 ini kok gak bisa tolong di benerin ya kerusakan ya ini sangatlah kacau
Kkp Dedi,5,2024-05-22 14:26:51,halo developer kenapa saya saat pencet android terus data tiba tiba ada akses awal tolong plis saya mohon balik kan ke awal pas saya ngestrak file gta gak bisa plis suport kan ke C11 lagi plis plis saya mohon ğŸ˜­ğŸ˜­ğŸ˜­ğŸ˜­ğŸ™ğŸ™ğŸ™ğŸ™ğŸ™
maul,1,2024-05-22 14:18:12,Jelek
Riki 123,1,2024-05-22 13:26:51,Datanya gak bisa Kon eh gua pengen masang mod gak bisa tot dulu gak ada gituan kini malah ada sumpah updatenya makin buruk bukan makin bagusğŸ˜¡ğŸ˜¡ğŸ¤¬ğŸ¤¬
Muhammad nabil,1,2024-05-22 13:00:58,Buruk karena folder Androidnya rusak atau arsip rusak tolong lebih di perbaiki lagi
kahar Hendrik,1,2024-05-22 12:39:21,Komtol kau semua
Kevin Aditya_v,1,2024-05-22 12:20:38,"Apk tolol daritadi gw ekstrak selalu aja ""selesai dengan kesalahan"" Padahal mau main minecraft pake add-on aja tetep gak bisa Zarchiver anj emangğŸ‘"
Nani Ani,3,2024-05-22 11:03:52,Susah banget buat mindahin obb/data karena harus pake folder segala
Riam Myzard,3,2024-05-22 10:35:30,Pusing
Rendi Setiawan,5,2024-05-22 09:38:37,Sangat cocok
ivaza dzannuriyati,5,2024-05-22 08:57:49,Keren banget hoh bisa ngubah Zip jadi mcworld/mcpack
Muh Affan,5,2024-05-22 08:08:06,Mantap
sanisah binti shaari,1,2024-05-22 07:51:44,Udah gak bisa untuk minecraft
Jopa Opa,5,2024-05-22 06:42:13,GK bisa ke data
Anis Yuliavitrianis,5,2024-05-22 06:26:45,SAKURA
Erling Haland,2,2024-05-22 05:45:42,Kenapa si habis update qndroid11 zat asilver nya bug gabisa masuk data akses tolak
Aditia dinda Dinda,5,2024-05-22 05:28:22,Aplikasi ini sangat penting untuk memasang rege ff
Miyamizu,1,2024-05-22 03:06:00,Jan ketatÂ² lah bg kasian gw andro 14ğŸ—¿
Krisna Prawira,1,2024-05-22 01:49:10,Oyy tolol data gk bisa di buka lolot gk usah bikin aplikasi kalo suport nya Andro 14 lol benga kalo bisa gw kasih setengah bintang aja tolol
Surya Utama,5,2024-05-22 01:41:13,Mantap
Hayang Kawin,5,2024-05-22 01:36:30,Bagus
Rangga Saputra,1,2024-05-22 01:33:44,aplikasi rusak
Andika saputra Hasibuan,1,2024-05-22 01:15:39,Kontololodon
Abigail glory isabel ranti,1,2024-05-21 19:56:36,Udah jelek pokoknya!! Gue android 13 udah kagak kepake iniii! Banyak file yang kagak bisa di bukaaa! Akses di tolak!! Udah pake apk pembantu juga kagak berguna ... Tolong di Update lagi dimana android 12-14 kasih akses ke beberapa file/folder yang di tolak ituu.. dan permudah penyortirannyaa.. nnti kasih bintang 5 klo dah baguss
andrian,1,2024-05-21 18:01:04,ewe
Andika Saputra,5,2024-05-21 15:20:51,"Permudahkan,untuk android 13 dong min"
Raka Rafiiandra,1,2024-05-21 14:48:00,Akses di tolak
Goper Atha,5,2024-05-21 13:07:05,Aplikasi ini bagus sekali bintang lima ğŸ™‹
Bagos Sajiwo,2,2024-05-21 12:47:19,ASU
Ara Angga,1,2024-05-21 12:34:10,apk apalah malah ga bisa buka data gj banget jadi apk
Rafilyan Reza,1,2024-05-21 12:14:13,Pepeq
Ahmad Zidan,1,2024-05-21 10:54:02,Tidak bisa digunakan
Dikha Putra,1,2024-05-21 08:59:21,Pusing gabisa mindahin file di hp oppo a18 android 14 astaghfirullah ğŸ˜­ğŸ˜­
Raditya Ghilbran,3,2024-05-21 08:57:11,"gw pas ekstrak gagal Mulu jng, emosi w"
Pratama Alfath,1,2024-05-21 08:43:31,Karna tidak bagus
onlyazidan,5,2024-05-21 08:40:33,boleh lah aplikasi ini walaupun mandang seri android
Lestari Hadi,1,2024-05-21 07:45:30,Zarchiver gak bisa di pake android 12 aneh baikin lah woy mek
Aso lu TT bs,5,2024-05-21 07:20:15,Mantap
Arjuna Efalino,5,2024-05-21 06:59:28,Aplikasi yang sangat berguna dan bermanfaat ğŸ˜ğŸ˜
Elfantri Alfurqon,5,2024-05-21 06:46:57,burik
Mega Laila,1,2024-05-21 06:32:04,"Kenapa saya di tolak saya mau memasang obb tetapi ada tulisan""akses di tolak"" bagai mana itu tolong di perbaiki"
M.AFREZA RISKI,5,2024-05-21 06:01:54,aku saranin ya kalian di apknya buka file android terus hapus dan otomatis hp kalian penyimpanan nya dan ramnya unlimited ğŸ—¿
Kevin Kepo,1,2024-05-21 05:12:25,Aplikasi nggak ada guna
eru maulana,5,2024-05-21 05:04:46,Hypi
Putu Agus Setiawan,1,2024-05-21 04:11:15,Kok di saya akses di tolak
Ruok 999,1,2024-05-21 03:44:25,ZArchiver burik gak bisa ekstrak android 11
Athar Ganteng,5,2024-05-21 03:29:05,"7zipnya versi hp nih,btw apk nya bagus dan lengkap"
Adhitya26 Ferdiansyah,1,2024-05-21 01:12:17,DAJJAL APK
iXUQi,4,2024-05-21 00:14:33,Good
Ivi Cell,1,2024-05-20 23:00:05,Android 12 keatas tidak bisa pake padahal dulu enk enk bisa pake ajig
Nia Supiandi,3,2024-05-20 14:29:14,Mau pake script roblox tapi gak bisağŸ˜©ğŸ˜”
Arabb299 Arabzhire,1,2024-05-20 14:24:09,file data sering di tolak akses
Andreas Hendry,1,2024-05-20 13:54:32,Eh kalo ada bug di perbaiki ğŸ—¿
Pikacu FF,5,2024-05-20 13:39:53,Kalo bisa Andro 11 bisa extrak file
azmi Kamil,1,2024-05-20 13:37:09,"BURRIKKKK,,GAK BISA BUKA DATA ANJERRRRRR"
"SUTIKNO , ST",5,2024-05-20 12:56:47,Mantap aplikasinya good very goodğŸ‘ğŸ¤œğŸ¤›(Zdevs)
Azzam Salut,1,2024-05-20 11:16:05,"Ni app ngebut ap kagak? Tiap mengestrak dlm file tiba-tiba ngestuck 0%, padahal sebelumnya kagak pernah gini.... Untuk Dev tolong di perbaiki"
Padlan Jelan,5,2024-05-20 10:05:59,ã…“ì ¸ã…“ë„Œì¬ã…“ì¬
Kennan Huhuy,1,2024-05-20 09:43:11,gbisa buka folder data dan obb di android 11 semenjak update
Ravenscha Ravens,1,2024-05-20 09:37:40,Di android 11.12 Selalu akses di tolak
Ghulam Rosul,2,2024-05-20 08:53:02,untuk android 13++ susah
Rasya Daffa,1,2024-05-20 06:48:03,"ZArchiver pliss update,gw mau masang obb atau mod malah akses di tolak"
Reza Xontol,5,2024-05-20 05:03:45,Mantap top
Brilliant Galang,1,2024-05-20 04:16:56,"Saya kasi bintang 1 dulu, karena untuk android 11 keatas folder data dan obb itu tidak bisa dibuka sedangkan di android 10 kebawah itu bisa, tolong di perbaiki nanti saya kasi bintang 5"
karel gaming Joongi,1,2024-05-20 03:13:42,Aplikasi sampah jangan di download!!!!!!!. KNP. KARENA TIDAK BISA NAMBAH FOLDER DI DALAM FOLDER DASAR SAMPAH
Hisbul Maulana,5,2024-05-20 00:12:32,Bagus simpel dan amat sangat membantu
Pirman Awikawok,1,2024-05-20 00:10:18,App anjeng gag bsa di bukak
Dewa Arva,1,2024-05-19 22:04:16,aku mengalami bug akses ditoloak
Dermawan Garut,3,2024-05-19 18:53:56,Ko egah bisa
Muhammad Fajar,1,2024-05-19 18:03:37,di android 14 tidak bisa buka file akses di tolak terus tolong dong gimana caranya biar bisa masuk lagi
Ardhilia MikeFitria,1,2024-05-19 17:19:02,Hhhhh elek
Topek Kurroham,2,2024-05-19 14:06:01,Apk tidak dapat extra file android 13
Kaisar Raja,5,2024-05-19 13:48:33,Bagus buat nambahin mod lah ya njirğŸ—¿ğŸ—¿ğŸ—¿ğŸ—¿
Surya Firmansyah,1,2024-05-19 12:26:16,Kena Zarchiber di android 13/14 ga bisa akses ke file data yağŸ˜
Rifky Husen Al Bukhori,2,2024-05-19 12:21:56,"Please update ZArchiver again for Android version 13 onwards so you can access ZArchiver so it's easier to move files because Android version 13 can't Using ZArchiver again, please fix ZArchiver again. That's all from me, thank you"
Satria Eka1927,1,2024-05-19 11:44:28,kenapa sekarang masuk android terus ke data malah akses di tolak
Azka Nijan,1,2024-05-19 11:41:18,Zarchifer anyjing
Zelll Xd,5,2024-05-19 10:31:16,gua mah download nya buat pasang skirip dan itu keren Bae Cui download aja jgn ragu ragu
Minecraft Kotak1244,5,2024-05-19 09:59:05,fngsi good
Arfan alfarezi,5,2024-05-19 09:48:58,download Minecraft
RIZAL MUHAEMIN,1,2024-05-19 09:33:33,SAYA SUDAH AKTIFKAN SHIZUKU TETEP SAJA AKSES DITOLAK ANDROID SAYA VERSI 13 MAKIN SINI MAKIN RIBET AJA
Ditzz Style,1,2024-05-19 08:39:36,Kenapa pengekstrakan lama?
Randa Anditya,1,2024-05-19 08:04:28,Gak guna ajg
Kang zam Kang zam,5,2024-05-19 04:34:26,Sangat memudah kan sekaliğŸ˜œğŸ˜œğŸ˜œğŸ˜œğŸ˜œğŸ˜œğŸ˜±ğŸ˜±
DIKi HERMAWAN47,5,2024-05-19 04:23:11,Mantap sekarang gw bisa rege ff lagiiiiiiiii!!!!!!!!
rafaat azkha permana,1,2024-05-19 03:44:51,Gajelas mau pake obb aja akses di tolak
alghazali shaleh,1,2024-05-19 03:29:37,Karena zarchiver nya
Dr. Vicky,3,2024-05-19 03:12:57,"Semenjak Ada Fitur Shizuku , saya sebagai pengguna Android versi 14 Tidak Bisa Menggunakan Zarchiver kembali, walapun saya sudah menggunakan apk Shizuku, itupun Saya berhasil Membuka Semua isi folder, tetapi saat ingin memindahkan sesuatu File Ke folder lain, itupun Sangat Lama Sekali Proses pengestrakanya , Tolong Pihak Development / Zarchiver Perbaiki Fix Ini !!! Sangat Mengecewakan Sekali, Semua Orang Pun Juga Sama Terdapat Masalah Hal Seperti ini , itu pun ada beberapa sebagian yang bisa."
Bilzhan Abbeer randri,5,2024-05-19 01:51:03,Mabar EPEP EPEP bang Awokwokwok #anjay alok#
Muhammad Aqlan,4,2024-05-18 22:39:12,"Kya nya cuman ak gak tau fungsi nya , Al nya GK bisa ganti nama folder"
wildan zalfa,5,2024-05-18 18:40:19,Aplikasi bagus Â¯\_(ãƒ„)_/Â¯
Albertus Davin,3,2024-05-18 17:55:28,Lumayan
Mbah Google06,1,2024-05-18 17:33:49,Knp mntal trus min.. ah mkin ksni mkin bnyk bug nya
Vito Vendrianto,1,2024-05-18 17:20:22,akses di tolak
Azka Mahardika,3,2024-05-18 16:03:09,Woi tolonglah zarchiver ini ngebug keluar sendiri
Teguh Bintoro,1,2024-05-18 15:59:53,Kok setelah saya update android 12 malah gabisa buka/mindahin file nya si
Zaky 09,5,2024-05-18 15:51:37,Bagus untuk aplikasi nya
Kaaa'S,5,2024-05-18 15:47:57,please don't root to access files on andro 14.
Okdison Putra,1,2024-05-18 14:43:42,"Apa apaan ini? Knp sekarang aplikasinya eror? Padahal selama ini gk ad masalah tapi pas update malah rusak. Kalo gitu namanya gk usah update lah tolol, bukanya makin canggih malah makin rusak, tolol tolol buat aplikasi tu yg niat, dukumen penting saya masih ad di sana trs gimana? Buka aplikasinya aj gk bisa dasar"
Lionel Sultan,1,2024-05-18 13:47:05,Pas update Android 11+ apk ny makin sampah ga ada guna ada tulisan operasi selesai dengan kesalahan
Syd dd,1,2024-05-18 13:04:31,"Apsih ribet bgt masa versi android 13+ gabisa???,pdhl udh hapus update file ny masih aj gbsa tolong lah mau gimana lagi aku ini bingung srkali"
Rusmin Nuryadin,5,2024-05-18 13:02:46,Tidak bagus
stok dikz,1,2024-05-18 12:49:04,Buruk pas mau expos akses di tolak mulu lol
Pasirian Jaya,5,2024-05-18 12:40:39,Bagus aplikasinya
Oppo A17,5,2024-05-18 12:24:37,Jangan di Download aplikasi ini bagus banget aplikasi nya
Êœá´‡É´á´…Ê€á´€á´¡á´€É´,1,2024-05-18 11:49:36,"Kenapa akses (android,data) akses di tolak? Sudah melakukan banyak cara tapi tidak ada yang berhasil apakah harus melakukan (root)? Untuk android 12"
Sugeng Irmawan,1,2024-05-18 09:11:39,Aplikasi rusak
alby luthfy,5,2024-05-18 09:04:48,Saya suka dengan apk ini jadi saya selalu memakainya
Kepo Kepo,1,2024-05-18 07:19:45,"Pas mau buka data akses ditolak, udh di usahain gabisa"
Yudi Marta,1,2024-05-18 05:18:47,Kalau gak bisa buat aplikasi gk usah buat lu
Syafii Gg,3,2024-05-18 04:46:53,Susah buat mindahin data/mengubah data
Asif Hikmawan,1,2024-05-18 03:12:37,Ga bisa di pakai di android 11
Daeng Papua,5,2024-05-18 00:32:34,Masih menjadi yang terbaik dan andalan sejak 2017 saya ngonten sampai sekarang 2024
jekijek jek,5,2024-05-17 23:47:56,Godd
takwin id,4,2024-05-17 23:27:16,Ga bisa akses data obb
Faksi Ryu Dimitry Gonardi Groups.,5,2024-05-17 22:24:52,So bad.
Lauk Hanyir,1,2024-05-17 21:07:21,Gak bisa di download
Kancil 192,5,2024-05-17 19:28:58,Bug
Shinta Dewi,5,2024-05-17 17:04:34,Sangar membantu karena bisa memudahkan saya Saat Mau mendownload Apk Mod Dll
Meko Mako,1,2024-05-17 15:45:06,Malah Keluar Terus tolong perbaiki
Bintang Daffa pradipta,1,2024-05-17 13:29:57,Pas mau ngestrak ke aplikasi malah akses ditolak
Arman 15,1,2024-05-17 13:18:05,Aplikasi ini tidak bisa mengakses android 14
pris jeremia,1,2024-05-17 12:56:45,Ada bug nya semalam aku pakai buat tambahin mod evertech sandbox kan terus aku kaget kenapa bisa hilang foldernya
Baim Sorumba,5,2024-05-17 12:53:28,Karna rawrrrr
Rasyid Annafi,5,2024-05-17 12:37:47,Z kek kontil
Fahri Husaini,1,2024-05-17 12:08:41,Tolong ini kenapa di android 13 aksesnya ditolak.
Rusda Fiqriyah,5,2024-05-17 12:06:14,Mantapp
Mahesa Sanjaya,1,2024-05-17 12:03:02,Tolong developer yg bikin tolong benerin pas saya download apk file di ZAarchiver malah apk tidak terinstall saya udah bikin cara apapun tetep aja jadi tolong benerin developer nya apan apk ZAarchiver ini kayak gitu padahal penyimpanan saya masih banyak
shean Alfaro,1,2024-05-17 11:01:33,Cewek sih sebentar saja videonya
Kooya,4,2024-05-17 09:25:03,"Di versi 1.9 ini terdapat beberapa bug yang saya temukan, seperti cut, dan copy file yang tidak bisa di paste. Transfer file jauh lebih lemot dari pada versi sebelumnya, dan extract file yang selalu error' terutama prefix .zip yang terisi dengan file .iso"
Arya Yudistira,5,2024-05-17 07:26:52,"Apknya bagus dan sangat membantu. Buat kalian yang ngeluh soal zarchiver yang gabisa di android 11-14 itu karena google mambatasi akses pada data aplikasi android 11-14 yang bukan dari dirinya sendiri. Jadi, jika bukan urusan android itu sendiri,maka akan dilarang untuk melakukan apa apa"
Dul Dul,1,2024-05-17 06:25:01,Mangkin kesini mangkin lagh aja tod
Dion FB,1,2024-05-17 05:23:23,Bagus
Zayd Al Anshari,2,2024-05-17 05:01:33,tolong diperbaikin mau salin atau potong terus ke arsip yang dimau malah operasi selesai dengan kesalahan udah ngelakuin semua cara tetap ga bisağŸ˜­ğŸ¥º
Yoga Anang,1,2024-05-17 03:56:19,"Kenapa ya di hp saya, zarchiver sangat lama sekali untuk menghapus file, mengekstrak file, menyalin file, memindahkan file, info hp poco f3, miui 12 android 11. Tolong bantuanya, Soalnya di hp teman ku tidak seperti ini."
Superpowerss,3,2024-05-17 01:32:47,Tutor ngatasi akses di tolak gimana cuyy?
triyo handoyo3,5,2024-05-16 23:44:41,There are many different types of the
Riangastokalit,5,2024-05-16 14:31:50,Keren
Dafa Ardias,5,2024-05-16 14:27:34,Masokk
Ilham Muhamad ilham,1,2024-05-16 14:24:11,Gajelas harus banget kah android 10 dan 11 yg ga ditolak Akses ny masa iya g kasian kah android 12 13 14
Hendrik Fernando,1,2024-05-16 13:20:50,rusak nih aplikasi
Ven_ 7,2,2024-05-16 11:42:35,"Gak tau laH. Baru tau android.13 teryata apk ini bisa buat Pajang aja, Gak word."
Rahmat Kurniawan,1,2024-05-16 11:30:35,Ngebug gak bisa buat pasang loading screen
Rise Ridho,2,2024-05-16 11:26:37,Ni aplikasi kenapa da ekses gw di tolak kek mau nembak cewek aja selalu di tolak
Habib Setiawan,2,2024-05-16 10:54:28,Cepat di update biar bisa android 11 12 13
Kehan Alvaro,1,2024-05-16 08:41:56,Dasar aplikasi jelek saya ingin mendownload FF kok tidak bisa dasar aplikasi jelek
luki Aditia,5,2024-05-16 08:22:41,Bagus
Albiy Albiy,5,2024-05-16 08:22:07,SUMPHAH ni file GG gua coba wither strom BISI cokğŸ˜ğŸ˜ğŸ˜ğŸŒˆğŸŒˆğŸŒˆ
Markus Cio,1,2024-05-16 06:47:48,Banyak buk masak masang data udah di izinkan masih ngak bisa
aufa pratama,5,2024-05-16 06:25:15,Sungguh keren
Rizky habibie,5,2024-05-16 06:16:45,Apk nya bagus buat kalian yang gak bisa masang obb atau data itu hp kalian bukan apk nya kocak nyalahin apk nya gw yakin yang komen tu bocil yang bisanya ngekritik doang trus malah suruh perbaiki kan lawak
Alzeus WR,5,2024-05-16 05:14:20,Komentar
Ilham Illang,1,2024-05-16 04:01:36,Mantap
Aura Kebaikan,3,2024-05-16 00:56:49,Kenapa hapus file berukuran kecil namun banyak sangat lama sedangkan file berukuran besar namun sedikit sangat cepat
Fikih Andika08,4,2024-05-15 19:03:43,Accounting
Andik Idris,5,2024-05-15 16:06:51,Aplikasi yang sangat baik sekali di gunakan cepat dan mudah
9B_19 Mas Agung Wisnu Anggoro,5,2024-05-15 14:19:19,Mempermudah hidup gua
Akun Cadangan,1,2024-05-15 14:05:45,Plss la support Andro 13 :(
Raka Raditya,1,2024-05-15 13:48:09,Kok yg aku pas ke android trs data itu mulu?
Editor Pemula,5,2024-05-15 13:04:35,Terbaik
Surya adi syah putra,1,2024-05-15 12:52:45,Sangat berguna buat oh oh ğŸ˜‚ğŸ˜‚ğŸ˜‚
Rama Dhan,1,2024-05-15 12:06:50,"Aplikasi buruk, kasih update lah biar android 11ke atas bisa memakai aplikasi ini"
Sanzwp Yuu,1,2024-05-15 11:37:38,"Sekarang zarchiver jadi lemot mau hapus file atau potong juga lama, padahal dulu gak"
Rizki Rahman799,1,2024-05-15 11:36:02,"Tolong segera update agar support android 14 dan hyper OS, saya sudah mencoba memakai shizuku tidak bisa"
Rehan Xboy,1,2024-05-15 11:35:33,Jembut ngaceng ora bisa akses file
Alya Prameswari,1,2024-05-15 10:50:53,Tidak bisa untuk dowload skin tolong diperbaiki sekarang juga!!ğŸ˜¡
Yeheveiev Rosmayantifi,5,2024-05-15 10:33:19,Sangat bagus ketika sudah mendowlod apk jadi mudah
Nasikhin Sikin,4,2024-05-15 10:13:03,Ngebug kata bayu
Zakaria Akbar,3,2024-05-15 09:32:15,"bg update lah, peka dikit napa yang pake android 14 kacian"
iwan setiawan,5,2024-05-15 09:26:37,Ok bgt
Nofi Gemoyyy,4,2024-05-15 08:48:27,Bagus
Candra Winata,5,2024-05-15 08:20:19,Bokep
magelang holiday,1,2024-05-15 07:12:26,Apk sangat jelek
Rid Wan,1,2024-05-15 06:17:06,Kenapa liat data ngk ada Malah ilang tolong perbaiki
Caesar Lana,1,2024-05-15 05:24:07,aneh masa android 13 sekarang ga bisa liat data
Sam Midi,5,2024-05-15 04:42:13,Apk mantap
Liliy Eka dayanti,5,2024-05-15 03:21:07,Bagus
Loss Doll,5,2024-05-15 02:32:02,Ringkasan
Alge Darmawan,5,2024-05-15 00:01:13,Apk ini sangat berguna untuk saya yang suka buka folder data dan buat yang Android 14 coba kalian cari tutorial sizuku di YouTube
Nabil Ganteng,1,2024-05-14 23:28:04,Knpa sekarang jadi ga bisa akses data/obb padahal pas sebelum update ga gitu terutama buat android 11 aduh tolong di perbaiki min
Cahyono 200cc,5,2024-05-14 18:03:29,ğŸ‘ğŸ‘ğŸ‘
Tugimin Lotok,5,2024-05-14 16:00:14,Ahir nya aku bisa pasang obb
ASRUL AKBAR,1,2024-05-14 14:55:10,Zarchiver GK Asikkkk . . . . . . . . . . . .GK kek duku
Rian Anggara1806,1,2024-05-14 14:50:27,ga kaya dulu lagi aneh
Umar Syahrun,5,2024-05-14 14:18:27,Jadi enak masang obb busid dan kodename GK perlu masalah file
Risdani,2,2024-05-14 13:42:08,Saya Pengguna Zarchiver udah lama Tapi Di Andro 8 sekarang udah ganti ke Andro 14 gak bisa Pake Zarchiver mau masukin File Susah klo gak pake Zarchiver Tolong Nanti di perbaiki biar Bisa di Andro 14 terima kasih
Hendra Bakti,5,2024-05-14 13:40:17,Mantap
Daffa riski Saputra,1,2024-05-14 13:36:44,Makin kesini makin gk jelas pdhl gw udah pake Shizuku tapi tetep gk bisa mohon diperbaiki supaya bisa salin file gw ke data lagi
ANJING TOBAT,1,2024-05-14 13:07:47,Zharchiver text nya bug text nya sudah di hapus malah muncul lagi konyol
nps 707,2,2024-05-14 13:07:01,It's not fun when Android 13 isn't supported
B. Jaja Zubarza,4,2024-05-14 12:02:16,Ko keluar sendiri mau ekstrak malah keluar mulu ada masalah kah
AFRIZA GAMING,5,2024-05-14 11:27:08,Baguss Sekalliii ğŸ‘ğŸ‘ğŸ‘ğŸ‘
Rian Dudu,5,2024-05-14 10:45:53,Bagus bgt wajib download buat pasang file
Erda Bkl,1,2024-05-14 09:22:34,Yg saya akses dibtolak saya memakai android 13 tolong di perbaiki
Marlin,5,2024-05-14 08:03:51,"(ak)_:, KS Tubun di dunia ini lgi t"
bang montero,3,2024-05-14 07:57:17,Tolong dijawab Apakah file yang terhapus sumber asli setelah kompresi dapat dimunculkan kembali? Kemudian kemana file yang sudah terkompresi file baru tidak muncul file lama(asli) tidak muncul juga
Faisal,1,2024-05-14 07:49:29,Akses di tolak Mulu anj
Arif Anggara,5,2024-05-14 07:44:42,Good job
Susanto Percetakan,4,2024-05-14 07:19:43,"Moon maap napa gw kalo ke data terus buka file pajak malah tiba2 jadi tampilan file biasa yah, padahal w udh download pojav"
Rita Makaryo,1,2024-05-14 06:37:32,Aplikasi gaje masa akses gw di tolak padalahal dulu enggak anj
Irgi Azkysnsyah,5,2024-05-14 06:28:26,mantap aplikasi ini ğŸ‘ğŸ‘
Tri Hastuti,1,2024-05-14 06:11:21,Aplikasi macam apa ini
Usman Usman,4,2024-05-14 05:24:18,Mantapnya
Puri purnamasari,1,2024-05-14 04:37:27,Suka kembali sendiri padahal hp saya masih baru
Faris Ahmad Syarifudin,1,2024-05-14 03:42:46,Kontol iki aplikasi opo col raiso dinggo su mbok diperbaiki nek ono seng salah ki asuuuu
Ahmad Rizal,1,2024-05-14 03:12:33,"Update lol apk gak pernah update, apk nya tidak support Android 13 auto uninstal 1 Indonesia"
Turu Dek,1,2024-05-13 23:35:22,"Maaf saya kasih bintang 1 dulu, Developer please update aplikasi zarchiver ini, kasian yang device nya udh Android 13/14 ga bisa make apl ini.karna aplikasi ini sangat penting untuk data saya mohon semoga cepat update biar yang Android 13/14 bisa pakai tanpa aplikasi pihak ke 3 kalo udah update dan bisa pakai saya janji bakal kasih rating bintang 5"
Zeppelin Universe,1,2024-05-13 22:42:16,"Tidak berguna untuk mame4droid, sistem ditolak"
Ahsan Bekti,1,2024-05-13 22:06:02,tidak bisa di gunakannn
Resi Tohpati,3,2024-05-13 19:40:28,Tolong si Zarchiver ada bug keluar java.lang.SecurityException: Unable to start service Intent { cmp=ru.zdevs.zarchiver/.service.ZArchiverService }: Unable to launch app ru.zdevs.zarchiver/10598 for service Intent { cmp=ru.zdevs.zarchiver/.service.ZArchiverService }: process is bad at android.app.ContextImpl.startServiceCommon(ContextImpl.java:1916) at android.app.ContextImpl.startService(ContextImpl.java:1874) at android.content.ContextWrapper.startService(ContextWrapper.java:827) at g1.h$a
Nika Man,2,2024-05-13 16:22:24,"Agak kecewa, tolong min update lagi yaa... Biar Android 11-14 bisa mengakses file lagi, kalau beneran di update bakalan saya kasih bintangâ­ 5. Tolong yaa minğŸ¥º"
Habibburahman Elsirazi,2,2024-05-13 16:05:58,Awalnya saya akan memberikan bintang 5 karena ini adalah apk file yg tepat tapi entah knp pertama kali saya buka apk ini folder android data dan obb bisa di akses tapi setelah cukup lama saya gunakan tidak bisa lagi di akses malah akses ditolak
Arum Gumelar,1,2024-05-13 14:33:19,sering eror aplikasi rusak
irhas salam,1,2024-05-13 12:51:34,"APLIKASI BEGO GUA UBAH NAMA FOLDER DOANG FILE PENTING GUA ILANG, APLIKASI T4I ğŸ‘ğŸ‘ğŸ‘ğŸ‘ğŸ‘ğŸ‘ğŸ‘"
Aprilia,4,2024-05-13 11:53:51,"Bagus banget buat mengakses file-file, tetapi sayangnya sekarang di saya datanya tidak bisa diakses lagi."
ariy isabela72,3,2024-05-13 11:38:28,Ok
Amoy Asoy,1,2024-05-13 11:37:09,Susah
Ahmed Jaya Jaya,1,2024-05-13 11:17:53,Akses ditolak
M. Pikih Herlangga,1,2024-05-13 09:41:46,Bagus
Wiret Chiken,5,2024-05-13 08:45:30,"100/10 lah,app file paling keren dari app file lainnya,apalagi fitur savedatanya.Gokil!!"
Alex Kece,5,2024-05-13 08:07:16,Gaga lu
Mozzaik 8Bp,2,2024-05-13 07:56:25,Top
Mr X,5,2024-05-13 07:43:30,No comment
Nin Siti,5,2024-05-13 07:17:08,BGus
Farqi Abdussalam,5,2024-05-13 05:50:31,sangat memudahkan saya dalam mengakses data dengan mudah dan cepat
Fatma Wati,1,2024-05-13 04:41:02,Sagat jelek
Dika Official,5,2024-05-13 04:09:51,Mantap nih aplikasi buat Oprek game dengan bantuan aplikasi Lucky Patcher juga bisa buat Oprek game
Swandaru Giriassaat,2,2024-05-13 03:49:20,"Zarchiver ini kok setiap saya membuka android terus data kok ada tulisan ""Akses di tolak"" Di obb juga gitu ""Akses di tolak"" Jadi itu yang salah hp nya apa apk zarchiver nya"
Rapka,2,2024-05-13 03:46:21,bot
Rhmat Hdyt,3,2024-05-13 02:39:30,Ku kasih bintang 3 terlalu ribet cara pakainya akses ditolak muluuuğŸ¥´
Gilang Alfarizki,1,2024-05-13 01:31:27,Akses ditolak!
Gilang Alfarezki Rahman,1,2024-05-13 00:10:44,saya sebagai pengguna android 13 kecewa karena semakin lama semakin susah untuk mengekstrak file saja
Muhammad Fahreza,1,2024-05-12 22:32:20,Kenapa ketika saya instal apk bussid lewat zarchiver data nya tidak ada
Brilliant,4,2024-05-12 20:11:30,"aplikasi bagus cuma hp saya android 11 tidak bisa mengakses aplikasi ini dikarenakan akses ditolak cukup menyedihkan, saya ingin kedepannya aplikasi ini segera untuk diperbaiki agar layak untuk dipakai"
Kaman Heri,1,2024-05-12 19:04:57,ANEH FILE FILE HILANG
Anji Cikopepep,1,2024-05-12 18:35:30,Apk tolol akses gw di tolak dasar gk berguna minimal di perbaiki lh anj
Riklano Zokbby,5,2024-05-12 17:20:46,"Good job, aku suka no command"
amiruddin udin,5,2024-05-12 15:52:01,Sangat bagus
Ismail Rasyid,1,2024-05-12 14:49:46,Gak bisa di buka
Vivo Y12i,3,2024-05-12 14:05:29,Delay
Kang Doni,5,2024-05-12 12:48:19,Bagus
Tursini Susi,5,2024-05-12 12:33:35,Ok
Rendy AnrNew,1,2024-05-12 12:15:13,Kok boros baterai ni aplikasi
Dbsj Ehshsh,5,2024-05-12 09:04:55,Kamu naya gue bikin bintang 5 karena aku mals sama zarchiver gue kasi aja kenapa marah gue emosi karena na data gua gag jadi
TPBL GROUPS Official,1,2024-05-12 08:46:35,Loading lamak
Muhammad Faruqalghozi,1,2024-05-12 08:10:17,jelek asu
Sri Murti,1,2024-05-12 07:43:48,APLIKASI JELEK
Azhar Pauzi,5,2024-05-12 06:19:39,ğŸ¤£
Muhammad Arif Kurniawan,5,2024-05-12 05:06:05,BAGUS DAN UNTUK MENGHAPUS FILE YG SUDAH RUSAK/TIDAK BERGUNA
Reno Bachtiar,5,2024-05-12 04:58:56,Jadi masalah nya sudah bisa di per baiki tapi agar orangÂ² gak paham kasih tutorial yang bisa di pahami
Azka Rayyanza,5,2024-05-12 04:49:30,Aplikasinya bagus
Nabiwa Iprama,1,2024-05-12 04:05:53,android 13 ga bisa make
Reza Falevi,1,2024-05-12 03:47:19,Mangkin ribet
susilo fais,3,2024-05-12 02:54:51,Tolong dong kenapa data ku gak bisa di akses tolong benerin
Bsh Pnz,1,2024-05-12 00:30:34,Ah elah banyak drama bgt ni zarchiver
Ebi Alfian,1,2024-05-12 00:20:15,Developer tolong untuk pengguna android 11 ke atas ini gmna si gua udah pake Sizuku tetep gabisa makin aneh nih zarchiper perbaiki lah susah gua mindahin folder nya udah di yutub cara apapun gabisa tolong lah developer!!!!!!!!
Adil Pratama,1,2024-05-12 00:06:48,"Aplikasi nya kenapa jadi jelek sekali ? Buat buka folder kartu SD saja ga bisa, terus mindahin file ke folder lain malah macet dan ngefreeze, tolong diperbaiki lagi !!!"
Bur Han,5,2024-05-11 22:19:54,"sangat membantu ,bagusğŸ‘ â­â­â­â­â­"
Dhicky Saputra,5,2024-05-11 21:50:44,Ok
Zidane Inaas Ikbar,5,2024-05-11 19:48:22,aplikasinya memudah kan untuk extrak file
Algy,1,2024-05-11 18:03:57,Kok tiba tiba data nya ilang semua gimana dah kembalikan gw ke versi yang dulu!!
MYSTERY HUMAN,1,2024-05-11 15:33:53,Bwt mndhn fl err ywhdh ksh bntng1
idir Bae,5,2024-05-11 11:43:45,Bagus
fadhil naizar,2,2024-05-11 11:42:09,"Ngapain sih pakai shizuku segala, jadi susah , mending kyk dulu"
Muhammad Ikhsan,1,2024-05-11 10:43:27,Min file gua kok ga bisa diliat
Santi Yasa,1,2024-05-11 10:24:08,Untuk update sekarang malah gk bisa pasang file ke perangkat lain biasanya saya pakek aplikasi ini untuk download shader minecraft tapi sekarang gk bisa padahal dulu bagus banget aplikasi ini aku ingin aplikasi ini agar kembali seperti biasa karena lebih bagus dan mudah untuk pasang file lainny
Rizal Nurwahid,1,2024-05-11 06:38:55,knp akses di tolak tolong di perbaiki lagi kak
hendy pratama,1,2024-05-11 06:34:10,Makin aneh
Kiki Haryanto,5,2024-05-11 05:50:43,Okeh
Hafiz Khoerul,1,2024-05-11 05:48:55,Apk nya yg pas mau ngekstrak gta memiliki batas apa
Taufik Almusyarof,5,2024-05-11 02:22:05,Bagus sekali
MAKOTO ICHIRO,3,2024-05-11 02:00:17,Kenapa engkau menolak akses ku :)
Yup Cell wwsnakbar,5,2024-05-11 01:12:42,SIP SIP SIP SIP SIP SIP SIP SIP SIP
Black Dragon,5,2024-05-10 21:19:09,Cuma bisa di android 14 ğŸ¤¡ğŸ¤¡ğŸ¤¡ğŸ¤¡ğŸ¤¡ Jadi gak usah ngeluh gk bisa pake zarchiver
Damai Yana,5,2024-05-10 20:26:40,Like
KingDrive34,1,2024-05-10 20:03:38,Saya gak bisa akses file saya karena ditolak
Rum Miati,5,2024-05-10 16:23:07,Membantu sekali
Yanto ??,1,2024-05-10 15:46:52,Knp android 13 gk bisa??
Maya Pada,5,2024-05-10 15:38:45,Karena bisa ektraks bussid
ALMER,1,2024-05-10 14:44:28,Sekarang akses di tolak terus ga jelas pokok nya tolong lah di benerin min orang lain pada susah saya beri bintang 1 dlu klo sudah bisa lagi saya beri bintang 5
Harsyah Tegar Ramadhan,1,2024-05-10 14:23:51,Aplikasi GaJelas Akses DiTolak Mulu
Jumantot,5,2024-05-10 14:21:54,Gacor
Saepi kasep,3,2024-05-10 12:57:43,"ini gimana ya? setelah saya update sistem android malah ilang semua folder data saya, tolong di update lagi dong buat Dev nya biar apk zarchiver kaya semula lagi."
ghifran Sirajuddin,1,2024-05-10 12:12:26,buruk
Sumini Hadi,1,2024-05-10 11:21:55,Ada yg mo gw ent**
FAHRY Fahry,1,2024-05-10 11:16:44,Operasi selesai dengan kesalahan apalah cok
FREE Anggin,1,2024-05-10 10:24:18,Jlk banget bugg trus
Erni Sabryani,1,2024-05-10 07:06:53,Kok saya pas buka android harus ke file dulu baru di file gk ada android
widjaya makmur,5,2024-05-10 06:27:02,lumayan Infinite moneyğŸ¤‘
Mojo Kerto,5,2024-05-10 04:36:29,Cocok buat ngecheatğŸ‘
kharisma nur,1,2024-05-10 04:20:58,sering keluar sendiri
Yoshua Setiawan,2,2024-05-10 01:13:47,Update min soalnya versi 11 - 13 jadi ga bisa di pake lagi
Lhutvi Nur Saandi,5,2024-05-10 00:04:54,Aplikasi ini membuat saya mudah dalam mengestrak data
Hosen Nodvsnri5758,5,2024-05-09 23:42:33,bagus
RAIZE PUTRA,5,2024-05-09 22:53:51,Buat rege epep
Marcellino Salvador,1,2024-05-09 17:42:11,Seharusnya support ke android 13 ini bukanya gampangin malah nyusahin
Rasya Alfaro,4,2024-05-09 15:59:43,I cant copy paste document -> data?
Daffa Ganteng,5,2024-05-09 15:21:13,Ahirnya bisa pasang mod bussid
Shiryu Muhammad,2,2024-05-09 15:16:04,please... agar bisa lock folder penting
BlommmXD_,2,2024-05-09 14:18:06,SedihğŸ˜“ update patch keamanan 2024 tidak memperbolehkan akses ke folder data padahal bagi beberapa pengguna itu sangat penting ğŸ˜“
Manong PC,1,2024-05-09 13:38:10,Sekarang zarchiver akses di tolak Mulu tolong di perbaiki
Muhammad Nizam,3,2024-05-09 13:33:55,Kenapa Zarchiver ku error?
Sertu Ragiawan,5,2024-05-09 11:23:09,Bagus
Rosita07 Rosita752,5,2024-05-09 09:31:54,BAGUSSSSSSS
Andika Uji Pangestu,1,2024-05-09 08:56:39,Pas download apk lain biasa aja pas download ini kok masih ada tulisan download padahal udh ke instal aneh
Ir Sukirno,5,2024-05-09 07:21:20,Mantap semoga tambah lebih bagus. Lagi
Farhan Maulana,1,2024-05-09 07:16:07,Akses di tolak asuğŸ˜­
Frans obloo obloo Frans,5,2024-05-09 07:10:01,Anjay bagus cog
Aditia Oktapiansyah,1,2024-05-09 03:58:41,Kontollll
Luky ABD,1,2024-05-09 03:53:47,wah makin update makin ribet
Abil Bil,5,2024-05-09 03:47:01,Apk bekerja dengan baik
Aryaanjaayyy 123,5,2024-05-09 03:28:17,Keren
Kino su tarno,5,2024-05-09 00:15:29,Go
dafi ezhar M,1,2024-05-08 18:05:30,"apk tolol, perasaan dulu ga gini, eh sekarang malah tambah ribet pake segala hapus instalan pembaruan file dulu kalo mau pindahin file, KOCAK"
Radjak Pakaya,5,2024-05-08 13:57:04,Oky sip
Ika Kartika,2,2024-05-08 13:06:42,Aplikasi yang aneh tidak bisa di donload
Vincent Jo. Vincent,1,2024-05-08 12:54:31,Kenapa ini aplikasi nya bermalasah
Putra Fire,1,2024-05-08 12:46:57,Ga jelas
NAZMI NAZMI,5,2024-05-08 12:05:47,Selama pemakaian apk ini sepertinya gak ada masalah cuma sih masih ada masalah kecil yaitu kalo install game sukan gagal parse...
Tsets Gamers22,3,2024-05-08 12:04:53,Semoga app ini compatible di hp infinix Soalnya g bisa akses data file
Muhammad Nidal,1,2024-05-08 11:33:15,Apk tolol gak bisa akses jelek APUS ajah nih apk
Alif Maulana,5,2024-05-08 10:51:02,"Sudah support 99% buat android 11, Keluhan gak bisa potong harus salin. cuma yang versi android 11 ke atas masih ribet. Sering di tolak"
ESSA LAIL ALFALAQ,1,2024-05-08 09:13:12,Setelah update jadi lama seperti menghapus file dan mengesktark file Dulu tidak lama Malahkan cepat tolong di perbaiki
Syamsul Arifin,1,2024-05-08 07:59:14,kenapa pas saya mau buka folder android ada perjngatan akses ditolak
Gilang Aza,5,2024-05-08 07:44:24,Bagus'
Abay Panjaitan,5,2024-05-08 07:44:07,Apk yang bagus dan berguna
Abdul Hasna,2,2024-05-08 05:28:11,Sering ada bug yang folder nya pada hilang seperti folder sayah pada hilang di update tan pas kemaren ituh masih aman. Update tan sekarang mangkin gk jelas
Donie Manise,1,2024-05-08 05:22:28,for close terus
Ibnu Chamdan Yukafi,1,2024-05-08 04:19:18,Aplikasi gaje sedunia se alam semesta
Rasyid Satria tama,5,2024-05-08 04:03:06,Kecepatan mengekstrak perlu di perbaiki
Faris aiman,3,2024-05-08 03:23:10,Android 14 not supportğŸ˜­
I c H a L,5,2024-05-08 02:04:20,Dear ZDevs ZArchiver really helped me to compress my data thank you for launching a very useful application
Carl Johnson,1,2024-05-08 01:50:12,Apk tolol mau main game saja susah
Dio Ardi,5,2024-05-08 00:42:45,Plis bnerin Android 14
Damar Dyainarafipa,5,2024-05-08 00:22:14,Tolong android 11 keatas bisa akses zarchiver masalah aplikasi ini penting buat tugasss Mohon cepat di baca makasihh
BURUNG BOTAK,1,2024-05-07 23:57:49,Parahhh bngettğŸ‘ğŸ‘ğŸ‘ğŸ‘ğŸ‘ğŸ‘ğŸ‘
Gatot Ardhi Setyawan,1,2024-05-07 14:58:01,"Please fix this, there is a bug in your application. When I have downloaded it, then I try to open it. Suddenly force close without cause. please fix it again so it looks better"
Radit Gg,1,2024-05-07 14:18:26,Sekarang kok tambah sulit yaa
Choirul mozza,1,2024-05-07 13:55:25,Besok skrng
Ana Valdi,1,2024-05-07 09:44:29,Doain moga admin zarchiver mati aamiin ğŸ¤²ğŸ¤²ğŸ¤²
Aldo Wahyu saputra,1,2024-05-07 08:43:20,Kentang g bisa buat nyalin fail adzez dj tolak
Rice Trisnawati,5,2024-05-07 08:09:40,aplikasi ini sangat berguna soal nya aku pakai aplikasi ini bisa pakai config
FIANKA TOMBUKU,5,2024-05-07 08:05:40,Nice app
Pulung putra negar Anak sultan mah benas,3,2024-05-07 07:22:31,fitur semakin hari semakin buruk apk sampah
Game Emulator,5,2024-05-07 05:41:19,Nic
Rahmat Ramdani,1,2024-05-07 04:16:50,ga ber guna
Julian Asta,5,2024-05-07 01:34:50,Bagus sekali
Zx Vectory,1,2024-05-07 01:15:33,Gimana ini Kon*** kok akses ditolak nget**
iham m,5,2024-05-07 00:39:40,tambahkan fitur copy paste lokasi folder dong agar lebih mudah dalam membuat code ADB
Hero- San,5,2024-05-06 17:46:59,"Hampir mirip sama file bawaan di hp, tapi lebih masuk ke dalam downloadan, maupun isi hp~ download aja pokoknya, tapi kurangnya yah dari memori sih, bisa ampe ber GB ni apk, tapi hapus data aja... Gak bakal ngaruh ke memori hp juga itu"
bayu gilang,5,2024-05-06 16:00:19,Please allow data on Android 13 and above
Anjai 1572,5,2024-05-06 15:34:26,Bagus
Zainit Pujihastutiek,1,2024-05-06 15:13:05,"Aplikasi termudah bapak kau, gw buka folder game aja ada tulisan akses ditolak"
Amar Juki,5,2024-05-06 15:05:45,Apl nya bagus banget aku kasih 5 bintang
Irfan Nurul Holik,5,2024-05-06 15:03:03,"Apk ZArchiver memang andalan saya, selalu saya pakai setiap saya butuh. Pemakaian sangat mudah, & sangat membantu untuk tugas pekerjaan saya. Sesuai dengan deskripsi, sangat berguna."
Bibil,5,2024-05-06 14:28:45,Bagus
M Akhdan,5,2024-05-06 13:07:10,"Tolong Update Zarchiver Untuk Android 13 , 14 Ya Pliss Do Tanggal 20 Mei 2024 Ya Update Aplikasi Nya Supaya Gak Ada Support Tidak Bisa Buka Data Aplikasi Dan Data Game Tersebut Pliss Do Update!! Terimakasih!!"
Zaenal Arif,1,2024-05-06 12:53:28,Aplikasi aneh tidak bisa untuk mindah file
Salam Mudin,5,2024-05-06 12:12:42,Good
Mahdavikiael Farabi,1,2024-05-06 12:07:12,Susah dipakai di hyperos
hasrida 1985,5,2024-05-06 12:02:43,Enak kali aplikasi ni bisa bikin file nya otomatis ke Minecraft
Teni Vina,2,2024-05-06 11:34:12,Kenapa setiap hari aplikasi saat mau Download game bully susah babi Aku ngomomel padahal sandi nya Benar malah sandi salah Kesalahan ras padahal apa PBB nya Benar
Awan Iwan,5,2024-05-06 11:26:40,GG bet anj
Rezza Faldiansyah,2,2024-05-06 11:06:07,"""Akses di tolak""Akses di tolak""ğŸ¤“apalah maunya developer nya ini,apa ga suka sini share lockğŸ¤“ğŸ¤“ğŸ¤“ğŸ¤“"
Zaidan Azka,2,2024-05-06 11:02:46,Tidak bias mengestrak
Erickoimanuel Panambunan,1,2024-05-06 10:40:22,Masi ad bug
Suci Ramadhan,5,2024-05-06 09:52:49,Kren
Fornest Sancity15,1,2024-05-06 08:49:01,Parah extrak atau mindahin file lama banget hampir sejam nunggu padahal ukuran file kecil aja
Myzura ssh,5,2024-05-06 08:25:53,cari hp maximal android 10 biar bisa akses folder folder tertentu yang ga bisa di buka di android 11 ke atas
Nadrian Riski Mahardika,5,2024-05-06 07:00:06,ğŸ¤«ğŸ§ğŸ»â€â™‚ï¸
Muhammad Nur royan,5,2024-05-06 06:54:43,ğŸ‘ğŸ¿
Muhammad Najib,5,2024-05-06 05:30:44,Gokil abis TOLOLğŸ—¿ğŸ—¿ğŸ—¿ğŸ—¿ğŸ—¿ğŸ—¿
Rozalie Rotty,2,2024-05-06 04:29:27,"Ribet bgt, dulu cmn buka za langsung ada data, skrg harus pke Shizuku lah ibi lah itu lah, dan pas make Shizuku gaada hasil apa"", gmn dong gw masukin filenya ke data?"
M. Galih Ardianto,1,2024-05-06 01:50:25,sering ngebug
Iyain Ajahh,5,2024-05-06 00:54:26,akses di tolak yaa wkwkw ğŸ˜‚
Marcel Kopong,5,2024-05-05 19:50:14,Ok
Aind Qila,1,2024-05-05 18:28:25,Malas hrs pake shizuku ga sesimple dulu...
Trimo,5,2024-05-05 15:00:51,Baagis
nano black,5,2024-05-05 14:48:39,Sangat membantu
A_bid zaarrr,5,2024-05-05 14:19:08,Ok
Muhammad Renathan,1,2024-05-05 13:47:48,"WOY DEV, APLIKASI LU BENERIN WOY GE GK BISA AKSES FILE BLOK. SETIAP BUKA FILE SELALU TULISAN ""Akses ditolak""."
Sawal Sawal,5,2024-05-05 13:40:21,Ya baik
Fathan 11,5,2024-05-05 13:20:28,Gg si bias di pakai obb atau file ğŸ“atau pr yang dikirim
Gilang Zain,4,2024-05-05 13:13:36,Kenapa aplikasi yang saya mau install tidak valid?
Abraham The Movie,5,2024-05-05 12:52:28,Bagus
Falzz akun ke 2,1,2024-05-05 12:51:01,Apk buruk gak bisa masukkan mod mincraft seperti map dan addon
Arkan Muhamad,5,2024-05-05 12:27:37,Ada rege ga nih
Rahman Aman,3,2024-05-05 12:05:10,Apk yang lumayan bagus tapi membingungkan
Lathif Ramadhan,1,2024-05-05 09:29:18,KENAPA SEKARANG TIDAK BISA GANTI NAMA FILE!!!!!
